"ID","Year_Birth","Education","Marital_Status","Income","Kidhome","Teenhome","MntWines","MntFruits","MntMeatProducts","MntFishProducts","MntSweetProducts","MntGoldProds","NumDealsPurchases","NumWebPurchases","NumAppPurchases","NumStorePurchases","Country"
1826,1970,"Graduation","Widow","$84,835.00 ",0,0,189,104,379,111,189,218,1,4,4,6,"SP"
1,1961,"Graduation","Single","$57,091.00 ",0,0,464,5,64,7,0,37,1,7,3,7,"CA"
10476,1958,"Graduation","Married","$67,267.00 ",0,1,134,11,59,15,2,30,1,3,2,5,"US"
1386,1967,"Graduation","Married","$32,474.00 ",1,1,10,0,1,0,0,0,1,1,0,2,"AUS"
5371,1989,"Graduation","Single","$21,474.00 ",1,0,6,16,24,11,0,34,2,3,1,2,"SP"
7348,1958,"PhD","Single","$71,691.00 ",0,0,336,130,411,240,32,43,1,4,7,5,"SP"
4073,1954,"Undergraduate","Married","$63,564.00 ",0,0,769,80,252,15,34,65,1,10,10,7,"GER"
1991,1967,"Graduation","Married","$44,931.00 ",0,1,78,0,11,0,0,7,1,2,1,3,"SP"
4047,1954,"PhD","Married","$65,324.00 ",0,1,384,0,102,21,32,5,3,6,2,9,"US"
9477,1954,"PhD","Married","$65,324.00 ",0,1,384,0,102,21,32,5,3,6,2,9,"IND"
2079,1947,"Undergraduate","Married","$81,044.00 ",0,0,450,26,535,73,98,26,1,5,6,10,"US"
5642,1979,"Master","Married","$62,499.00 ",1,0,140,4,61,0,13,4,2,3,1,6,"SP"
10530,1959,"PhD","Widow","$67,786.00 ",0,0,431,82,441,80,20,102,1,3,6,6,"IND"
2964,1981,"Graduation","Married","$26,872.00 ",0,0,3,10,8,3,16,32,1,1,1,2,"CA"
10311,1969,"Graduation","Married","$4,428.00 ",0,1,16,4,12,2,4,321,0,25,0,0,"SP"
837,1977,"Graduation","Married","$54,809.00 ",1,1,63,6,57,13,13,22,4,2,1,5,"SP"
10521,1977,"Graduation","Married","$54,809.00 ",1,1,63,6,57,13,13,22,4,2,1,5,"SP"
10175,1958,"PhD","Widow","$32,173.00 ",0,1,18,0,2,0,0,2,1,1,0,3,"SP"
1473,1960,"Undergraduate","Single","$47,823.00 ",0,1,53,1,5,2,1,10,2,2,0,3,"CA"
2795,1958,"Master","Single","$30,523.00 ",2,1,5,0,3,0,0,5,1,1,0,2,"CA"
2285,1954,"Master","Married","$36,634.00 ",0,1,213,9,76,4,3,30,3,5,2,5,"SA"
115,1966,"Master","Single","$43,456.00 ",0,1,275,11,68,25,7,7,3,5,1,8,"IND"
10470,1979,"Master","Married","$40,662.00 ",1,0,40,2,23,0,4,23,2,2,1,3,"GER"
4065,1976,"PhD","Married","$49,544.00 ",1,0,308,0,73,0,0,23,2,5,1,8,"SP"
10968,1969,"Graduation","Single","$57,731.00 ",0,1,266,21,300,65,8,44,4,8,8,6,"IND"
5985,1965,"Master","Single","$33,168.00 ",0,1,80,1,37,0,1,3,3,2,1,4,"SP"
5430,1956,"Graduation","Married","$54,450.00 ",1,1,454,0,171,8,19,32,12,9,2,8,"SP"
8432,1956,"Graduation","Married","$54,450.00 ",1,1,454,0,171,8,19,32,12,9,2,8,"SP"
453,1956,"PhD","Widow","$35,340.00 ",1,1,27,0,12,0,1,5,2,2,0,3,"SP"
9687,1975,"Graduation","Single","$73,170.00 ",0,0,184,174,256,50,30,32,1,5,4,6,"CA"
8890,1971,"PhD","Widow","$65,808.00 ",1,1,155,7,80,13,7,10,3,5,1,5,"SP"
9264,1986,"Graduation","Married","$79,529.00 ",0,0,423,42,706,73,197,197,1,4,8,9,"CA"
5824,1972,"PhD","Married","$34,578.00 ",2,1,7,0,1,0,0,0,1,1,0,2,"AUS"
5794,1974,"PhD","Married","$46,374.00 ",0,1,408,0,21,0,0,17,3,7,1,7,"IND"
3068,1990,"Graduation","Married","$18,351.00 ",0,0,1,12,9,0,14,7,1,2,0,3,"SP"
7962,1987,"PhD","Single","$95,169.00 ",0,0,1285,21,449,106,20,20,1,4,3,4,"SP"
2681,1984,"Undergraduate","Married","$65,370.00 ",0,0,71,22,112,138,89,29,1,2,3,13,"SP"
10141,1960,"Master","Widow","$39,228.00 ",0,0,7,1,6,0,3,3,1,0,0,3,"SA"
3725,1961,"PhD","Single","$84,865.00 ",0,0,1248,16,349,43,16,16,1,2,4,9,"SP"
3767,1968,"Graduation","Married","$61,314.00 ",0,1,378,0,189,97,172,172,2,5,5,12,"SP"
5585,1972,"Graduation","Single","$21,359.00 ",1,0,12,2,17,6,1,10,2,2,0,3,"CA"
7030,1955,"PhD","Married","$66,465.00 ",0,1,1200,0,204,38,29,14,3,11,9,12,"SP"
1524,1983,"Undergraduate","Single","$81,698.00 ",0,0,709,45,115,30,160,45,1,8,2,5,"SP"
3657,1986,"Graduation","Single","$39,146.00 ",1,0,94,1,33,13,12,12,3,4,0,4,"SP"
5740,1970,"Undergraduate","Widow","$25,959.00 ",1,1,4,2,12,7,5,26,2,1,2,2,"SP"
9595,1961,"Graduation","Married","$64,260.00 ",0,0,539,169,816,20,0,30,1,4,5,4,"SP"
3158,1973,"Graduation","Married","$32,300.00 ",1,0,13,3,6,6,5,6,1,1,0,3,"SP"
5114,1965,"Master","Married","$74,806.00 ",0,1,670,9,249,0,28,9,2,5,4,5,"AUS"
340,1970,"Graduation","Widow","$72,967.00 ",0,1,158,35,179,0,0,125,2,7,2,8,"GER"
8805,1960,"Graduation","Single","$48,904.00 ",0,1,283,10,38,0,13,27,4,7,2,4,"US"
1241,1984,"Undergraduate","Married","$14,796.00 ",1,0,13,3,8,7,4,16,2,1,0,3,"GER"
1402,1954,"Master","Married","$66,991.00 ",0,0,496,36,460,189,60,12,3,4,8,6,"GER"
7264,1978,"Undergraduate","Single","$52,195.00 ",2,1,12,0,4,0,0,1,1,1,0,2,"SA"
1619,1956,"Graduation","Married","$90,369.00 ",0,0,292,51,981,224,23,17,1,4,6,6,"SP"
6398,1974,"Undergraduate","Married","$18,393.00 ",1,0,7,10,13,16,0,4,2,3,0,3,"SP"
1857,1952,"Graduation","Single","$47,139.00 ",1,1,46,0,12,0,2,23,2,2,1,2,"SP"
4877,1973,"Master","Married","$38,576.00 ",0,1,34,0,7,0,0,0,1,1,0,3,"IND"
3066,1975,"PhD","Married","$61,905.00 ",0,1,167,0,43,6,2,13,2,4,2,4,"SA"
10286,1962,"Graduation","Married","$83,715.00 ",0,0,318,8,407,150,35,8,1,2,8,13,"SA"
1992,1964,"Graduation","Married","$60,597.00 ",0,1,522,0,257,32,16,66,4,2,2,8,"SP"
4246,1982,"Master","Single","$6,560.00 ",0,0,67,11,26,4,3,262,0,1,0,1,"SP"
10623,1961,"Master","Married","$48,330.00 ",0,1,28,0,4,0,0,0,1,1,0,3,"SP"
4867,1968,"PhD","Single","$38,236.00 ",1,1,58,0,18,2,0,10,4,3,0,4,"SP"
3112,1977,"Master","Married","$22,701.00 ",1,0,2,4,9,0,4,5,1,1,0,3,"SP"
4865,1974,"Master","Widow","$53,367.00 ",1,1,229,7,140,10,3,11,7,5,1,8,"AUS"
6287,1986,"Graduation","Married","$34,728.00 ",1,0,14,0,16,0,0,6,1,1,1,2,"SP"
4405,1956,"Master","Married","$63,915.00 ",0,2,622,7,115,30,0,15,2,6,3,12,"AUS"
5332,1960,"Undergraduate","Married","$82,504.00 ",0,0,362,50,431,134,35,54,1,3,6,7,"IND"
1519,1972,"PhD","Single","$38,578.00 ",1,1,38,4,22,3,3,3,3,3,0,3,"SP"
9080,1972,"PhD","Single","$38,578.00 ",1,1,38,4,22,3,3,3,3,3,0,3,"SP"
1772,1975,"PhD","Married","$79,174.00 ",0,0,1074,37,518,193,92,129,1,5,6,7,"CA"
5341,1962,"Undergraduate","Widow","$81,975.00 ",0,1,983,76,184,180,138,27,1,6,3,4,"SA"
5510,1977,"Master","Married","$43,263.00 ",0,1,262,6,61,0,10,102,3,5,2,6,"SP"
3887,1970,"Graduation","Single","$27,242.00 ",1,0,3,17,26,20,1,39,2,2,0,3,"IND"
7022,1971,"Graduation","Married","$76,445.00 ",1,0,739,107,309,140,80,35,1,2,5,13,"SA"
9999,1965,"Graduation","Married","$75,276.00 ",0,0,610,105,125,137,42,21,1,9,4,9,"SP"
10352,1963,"Graduation","Widow","$34,213.00 ",1,1,50,4,28,6,3,26,3,3,1,2,"SA"
7919,1976,"PhD","Married","$72,335.00 ",0,0,1285,105,653,28,21,0,1,10,4,8,"SP"
4114,1964,"Master","Married","$79,143.00 ",0,0,650,37,780,27,167,32,1,6,9,13,"AUS"
7990,1947,"Graduation","Married","$27,469.00 ",0,0,9,1,2,3,2,0,1,0,0,3,"CA"
9888,1969,"Graduation","Married","$68,695.00 ",0,0,458,81,356,106,50,40,1,4,4,7,"SP"
4399,1969,"Graduation","Married","$68,695.00 ",0,0,458,81,356,106,50,40,1,4,4,7,"CA"
4452,1957,"Graduation","Single","$50,388.00 ",0,1,292,6,37,0,3,34,4,6,1,6,"GER"
4785,1970,"PhD","Married","$77,622.00 ",0,2,520,7,154,19,0,14,2,6,3,11,"SA"
8461,1962,"Graduation","Widow","$46,102.00 ",2,1,14,0,1,0,0,1,1,1,0,2,"SP"
3878,1980,"Undergraduate","Single","$31,859.00 ",1,0,3,4,7,15,8,11,1,1,0,3,"SP"
9612,1987,"Undergraduate","Single","$23,830.00 ",0,0,1,8,6,4,8,16,1,1,0,3,"SP"
4098,1973,"Graduation","Married","$24,639.00 ",1,1,20,3,16,0,4,1,3,2,0,4,"AUS"
158,1945,"PhD","Married","$71,604.00 ",0,0,345,53,528,98,75,97,1,8,3,5,"SP"
3896,1984,"Graduation","Married","$27,255.00 ",1,0,22,1,11,0,1,2,1,1,0,3,"SP"
9970,1977,"Graduation","Married","$55,375.00 ",0,1,42,11,57,10,28,14,1,1,1,6,"CA"
4002,1960,"PhD","Married","$77,037.00 ",0,1,463,96,333,168,53,10,1,7,7,12,"SP"
10914,1970,"Graduation","Single","$24,163.00 ",1,1,4,1,7,2,1,2,2,1,0,3,"SP"
7279,1969,"PhD","Married","$69,476.00 ",0,0,260,86,559,63,9,67,1,4,6,4,"US"
10582,1979,"Graduation","Married","$72,063.00 ",0,1,180,32,348,76,32,90,2,5,2,12,"GER"
4470,1962,"Master","Married","$58,646.00 ",0,1,62,1,44,6,5,22,1,2,1,4,"SP"
6183,1962,"Master","Married","$58,646.00 ",0,1,62,1,44,6,5,22,1,2,1,4,"GER"
6379,1949,"Master","Widow","$47,570.00 ",1,1,67,1,20,0,2,31,3,2,2,2,"US"
8601,1980,"Graduation","Married","$80,011.00 ",0,1,421,76,536,82,178,102,2,8,6,5,"AUS"
4827,1956,"PhD","Single","$54,998.00 ",0,1,154,22,202,39,30,8,5,4,2,9,"SP"
6715,1948,"PhD","Single","$60,200.00 ",0,1,502,19,132,0,6,26,6,6,2,11,"SP"
10676,1982,"Graduation","Married","$63,211.00 ",0,0,145,193,459,205,26,145,2,3,8,7,"SP"
1041,1973,"PhD","Single","$48,432.00 ",0,1,322,3,50,4,3,42,5,7,1,6,"SA"
492,1973,"PhD","Single","$48,432.00 ",0,1,322,3,50,4,3,42,5,7,1,6,"CA"
11133,1973,"PhD","Single","$48,432.00 ",0,1,322,3,50,4,3,42,5,7,1,6,"IND"
4491,1949,"Master","Married","$62,845.00 ",1,1,1099,0,45,0,0,34,11,3,4,10,"SP"
873,1949,"Master","Married","$62,845.00 ",1,1,1099,0,45,0,0,34,11,3,4,10,"SP"
1631,1965,"PhD","Married","$65,220.00 ",0,0,890,63,292,0,25,12,4,8,4,7,"GER"
8278,1990,"PhD","Married","$74,214.00 ",0,0,863,83,547,86,99,33,1,8,2,5,"SP"
6815,1980,"Undergraduate","Married","$96,547.00 ",0,0,448,21,125,52,101,62,0,7,6,8,"SP"
254,1955,"Graduation","Married","$53,863.00 ",0,1,399,4,30,6,4,30,3,7,1,7,"SP"
1349,1970,"Graduation","Married","$50,447.00 ",2,0,85,7,24,2,3,27,1,3,1,3,"IND"
2534,1953,"Graduation","Married","$37,716.00 ",0,1,97,1,41,6,2,41,2,4,1,3,"AUS"
2130,1982,"Graduation","Married","$45,203.00 ",2,0,35,3,67,10,8,24,1,3,1,3,"SA"
2296,1975,"Master","Married","$37,368.00 ",1,0,3,2,11,2,2,10,1,1,0,2,"SP"
3799,1955,"Graduation","Married","$67,225.00 ",0,1,315,35,322,46,7,143,3,7,2,11,"US"
11084,1976,"Master","Married","$65,104.00 ",0,1,738,0,232,13,20,50,2,3,5,7,"CA"
5172,1976,"Master","Married","$65,104.00 ",0,1,738,0,232,13,20,50,2,3,5,7,"SP"
9504,1949,"Master","Married","$81,698.00 ",0,0,179,28,520,111,123,47,1,3,8,13,"SP"
850,1968,"Graduation","Single","$70,566.00 ",0,1,381,28,215,84,28,21,2,6,5,9,"SP"
4477,1958,"Graduation","Married","$69,096.00 ",0,1,247,49,159,7,82,109,1,5,2,10,"GER"
1945,1962,"Graduation","Married","$71,434.00 ",0,1,711,36,217,172,96,168,3,7,4,7,"SP"
7685,1978,"Graduation","Married","$33,039.00 ",1,0,30,8,12,8,8,12,1,2,0,4,"SP"
6310,1978,"Graduation","Married","$33,039.00 ",1,0,30,8,12,8,8,12,1,2,0,4,"CA"
10832,1958,"Graduation","Married","$46,610.00 ",0,0,288,10,30,4,10,125,1,6,1,6,"SP"
3025,1958,"Graduation","Single","$49,967.00 ",0,1,212,6,69,4,12,3,3,6,1,5,"CA"
2404,1976,"Graduation","Married","$53,359.00 ",1,1,173,4,30,3,6,41,4,5,1,4,"US"
8581,1971,"Master","Married","$49,505.00 ",1,1,604,0,100,19,0,28,9,10,2,8,"SP"
8755,1946,"Master","Married","$68,657.00 ",0,0,482,34,471,119,68,22,1,3,5,9,"AUS"
10177,1954,"Graduation","Widow","$72,071.00 ",0,1,531,69,300,150,138,150,3,5,4,8,"SP"
2429,1954,"Graduation","Widow","$72,071.00 ",0,1,531,69,300,150,138,150,3,5,4,8,"CA"
8920,1967,"Master","Single","$59,235.00 ",1,0,448,40,469,80,0,91,3,11,2,12,"IND"
8430,1957,"Graduation","Married","$21,994.00 ",0,1,9,0,6,3,1,3,1,0,0,3,"AUS"
8619,1957,"Graduation","Married","$21,994.00 ",0,1,9,0,6,3,1,3,1,0,0,3,"SP"
7233,1972,"Graduation","Married","$69,209.00 ",0,0,496,32,849,229,48,128,2,5,3,6,"CA"
6678,1989,"Graduation","Married","$31,928.00 ",1,0,33,4,24,4,2,5,2,3,0,4,"IND"
830,1987,"PhD","Single","$74,004.00 ",0,0,784,48,560,42,176,48,1,4,6,4,"IND"
6365,1987,"Undergraduate","Married","$30,390.00 ",0,0,10,12,12,25,1,20,1,2,0,3,"IND"
6770,1985,"Graduation","Married","$21,355.00 ",1,0,5,13,14,0,5,31,2,2,1,2,"US"
2261,1969,"Graduation","Married","$26,304.00 ",1,0,4,1,5,2,0,4,1,1,0,2,"GER"
1031,1989,"Undergraduate","Married","$85,710.00 ",0,0,600,20,350,29,30,33,1,6,9,10,"IND"
10089,1974,"Graduation","Widow","$102,692.00 ",0,0,168,148,444,32,172,148,1,6,9,13,"SA"
9256,1971,"Graduation","Single","$58,350.00 ",0,1,493,26,206,116,80,80,4,8,3,12,"SP"
10641,1978,"Graduation","Single","$7,500.00 ",1,1,6,5,4,13,4,25,4,2,1,3,"SP"
624,1984,"Master","Single","$18,890.00 ",0,0,6,4,1,7,2,15,1,0,1,2,"SA"
4211,1986,"Undergraduate","Married","$20,425.00 ",1,0,4,12,5,3,16,17,2,2,0,3,"CA"
1407,1986,"Undergraduate","Married","$20,425.00 ",1,0,4,12,5,3,16,17,2,2,0,3,"GER"
10356,1957,"PhD","Widow","$41,437.00 ",1,1,29,0,2,0,0,1,1,1,0,3,"SP"
9323,1949,"Master","Married","$49,912.00 ",0,1,520,8,223,32,49,42,4,10,5,7,"ME"
1146,1949,"Master","Married","$49,912.00 ",0,1,520,8,223,32,49,42,4,10,5,7,"AUS"
6343,1959,"Graduation","Married","$79,823.00 ",0,1,835,73,380,114,73,43,1,6,9,7,"AUS"
8545,1954,"Graduation","Widow","$85,683.00 ",0,0,1296,17,311,45,69,51,1,2,4,10,"SP"
8275,1965,"PhD","Widow","$47,025.00 ",1,1,16,0,3,0,0,1,1,1,0,2,"SP"
10673,1976,"PhD","Married","$68,397.00 ",0,1,760,80,466,17,13,80,1,6,9,5,"SA"
8799,1984,"PhD","Married","$38,175.00 ",1,0,70,6,69,2,3,3,3,3,1,4,"SP"
67,1972,"Master","Single","$46,423.00 ",1,1,68,0,16,0,0,8,3,2,0,4,"SP"
9923,1972,"Master","Single","$46,423.00 ",1,1,68,0,16,0,0,8,3,2,0,4,"SP"
2814,1976,"Master","Married","$30,560.00 ",1,0,9,1,5,4,5,7,1,1,0,3,"SA"
2711,1976,"Master","Married","$30,560.00 ",1,0,9,1,5,4,5,7,1,1,0,3,"CA"
4320,1979,"Graduation","Single","$60,152.00 ",0,1,325,83,300,86,58,91,1,6,4,12,"SP"
10451,1965,"Graduation","Married","$29,672.00 ",1,1,9,1,3,0,4,8,1,0,0,3,"SA"
4198,1965,"Graduation","Married","$29,672.00 ",1,1,9,1,3,0,4,8,1,0,0,3,"SP"
10814,1947,"Graduation","Married","$70,321.00 ",0,0,303,23,751,82,26,191,1,6,5,13,"SP"
944,1962,"Graduation","Married","$56,181.00 ",0,1,121,103,69,8,44,48,1,4,2,7,"SP"
8151,1990,"Undergraduate","Married","$24,279.00 ",0,0,16,36,21,20,62,108,1,4,1,3,"SP"
6184,1969,"PhD","Married","$68,462.00 ",0,0,561,64,785,84,128,48,1,3,3,8,"SP"
3498,1976,"PhD","Married","$55,424.00 ",0,1,462,61,184,10,53,107,4,7,5,9,"SP"
2870,1973,"Graduation","Married","$49,094.00 ",0,1,376,0,38,11,8,69,5,6,3,6,"SP"
7342,1961,"Undergraduate","Widow","$59,184.00 ",0,1,341,142,113,259,151,66,3,6,6,12,"SP"
1911,1987,"Graduation","Married","$67,430.00 ",0,0,595,97,291,127,133,121,1,11,5,12,"GER"
10862,1960,"Master","Married","$30,522.00 ",0,1,179,8,83,19,11,26,5,1,2,9,"SP"
2546,1977,"Undergraduate","Single","$31,878.00 ",0,1,23,4,5,10,5,23,1,1,0,4,"SP"
3005,1992,"Graduation","Single","$83,528.00 ",0,0,530,117,678,134,44,147,1,4,10,8,"SP"
8318,1979,"Graduation","Married","$90,300.00 ",0,0,594,134,786,33,134,57,0,5,6,8,"SP"
2930,1978,"Master","Single","$68,092.00 ",0,0,852,60,207,78,36,48,2,2,6,10,"SA"
8216,1972,"Master","Married","$53,761.00 ",1,1,158,0,76,13,7,71,6,4,4,3,"AUS"
1212,1973,"Graduation","Married","$52,845.00 ",1,0,384,25,292,130,41,64,3,8,8,6,"SP"
2541,1976,"Graduation","Married","$24,027.00 ",1,0,14,7,11,11,0,5,2,2,0,3,"SP"
10659,1979,"Undergraduate","Married","$7,500.00 ",1,0,2,8,11,3,8,21,4,3,2,2,"IND"
10905,1955,"Graduation","Married","$42,586.00 ",1,1,194,2,56,0,0,0,5,4,1,6,"SP"
8910,1955,"Graduation","Married","$42,586.00 ",1,1,194,2,56,0,0,0,5,4,1,6,"SP"
7349,1973,"Undergraduate","Married","$9,722.00 ",1,0,6,17,16,6,16,42,4,3,1,3,"SP"
7872,1975,"PhD","Married","$86,836.00 ",0,0,179,21,273,0,21,63,1,6,10,6,"SP"
4290,1972,"Graduation","Married","$30,467.00 ",1,0,1,3,8,2,5,5,1,1,0,2,"CA"
7408,1952,"PhD","Married","$54,549.00 ",0,1,216,2,6,0,0,9,2,5,1,4,"SA"
9986,1982,"Graduation","Married","$19,444.00 ",1,0,16,0,23,3,2,10,3,4,1,2,"SA"
8235,1956,"Master","Married","$69,245.00 ",0,1,428,30,214,80,30,61,2,6,5,10,"SA"
10949,1963,"PhD","Widow","$72,968.00 ",0,0,1092,37,592,145,37,55,1,5,5,8,"SP"
7284,1953,"Graduation","Married","$48,686.00 ",1,2,10,0,7,2,0,1,1,1,0,2,"SP"
9529,1990,"Graduation","Married","$73,687.00 ",0,0,559,153,503,218,13,181,1,3,9,9,"SA"
9930,1944,"PhD","Single","$82,716.00 ",0,0,606,148,228,15,148,22,1,6,8,13,"CA"
10270,1981,"Undergraduate","Married","$35,523.00 ",1,0,11,5,22,12,5,11,2,3,0,3,"GER"
760,1975,"PhD","Widow","$60,554.00 ",1,0,588,7,76,110,15,15,2,8,4,9,"SA"
5519,1956,"Graduation","Married","$64,090.00 ",0,1,316,58,161,76,51,135,1,6,9,4,"SA"
232,1965,"Graduation","Single","$61,559.00 ",0,1,279,83,88,32,14,34,1,4,2,10,"SP"
3009,1962,"PhD","Widow","$71,670.00 ",0,0,1462,16,128,0,0,160,1,5,3,6,"SP"
6518,1951,"PhD","Widow","$67,680.00 ",0,1,546,0,48,0,6,6,1,7,3,8,"AUS"
10669,1981,"Graduation","Married","$54,386.00 ",0,1,277,21,64,62,21,25,2,3,2,10,"SP"
5682,1953,"PhD","Single","$64,108.00 ",0,1,948,10,86,13,21,21,4,6,9,11,"AUS"
1570,1951,"PhD","Married","$69,702.00 ",0,1,664,9,240,50,19,57,2,7,7,10,"SP"
1497,1952,"Graduation","Single","$47,958.00 ",0,1,268,11,88,15,3,22,2,6,3,5,"SA"
9723,1960,"Graduation","Married","$67,716.00 ",0,1,530,142,217,62,9,56,4,7,4,13,"CA"
7261,1971,"Graduation","Married","$34,600.00 ",1,1,199,33,60,8,3,15,5,5,2,5,"SP"
2452,1971,"Graduation","Married","$34,600.00 ",1,1,199,33,60,8,3,15,5,5,2,5,"SP"
5621,1969,"Graduation","Married","$48,752.00 ",1,1,73,57,100,71,15,0,5,6,1,5,"SP"
10995,1988,"Undergraduate","Married","$15,716.00 ",1,0,16,5,30,8,7,26,3,3,0,4,"SA"
7373,1952,"PhD","Widow","$46,610.00 ",0,2,96,12,96,33,22,43,6,4,1,6,"AUS"
5331,1977,"Graduation","Married","$74,985.00 ",0,0,587,51,898,247,0,86,1,3,6,7,"GER"
263,1945,"PhD","Single","$45,576.00 ",0,0,56,19,29,2,14,25,1,3,1,3,"SP"
4619,1945,"PhD","Single","$113,734.00 ",0,0,6,2,3,1,262,3,0,27,0,0,"SP"
940,1987,"Graduation","Single","$57,100.00 ",1,0,158,11,99,15,11,17,2,3,2,7,"SA"
10084,1972,"Graduation","Married","$24,434.00 ",2,0,3,2,8,20,0,17,2,2,1,2,"IND"
6019,1971,"PhD","Married","$37,126.00 ",1,0,45,3,9,4,4,7,1,1,2,2,"SP"
1463,1958,"Graduation","Single","$45,160.00 ",1,1,8,2,5,3,0,3,1,1,0,2,"AUS"
6424,1977,"Graduation","Married","$33,178.00 ",1,0,12,6,2,11,2,16,1,1,0,3,"SP"
8233,1950,"Master","Widow","$64,866.00 ",0,1,508,5,21,7,5,10,4,7,3,7,"CA"
1515,1975,"Master","Married","$34,176.00 ",0,1,11,2,7,4,2,2,1,1,0,3,"CA"
10855,1968,"Master","Single","$50,014.00 ",1,0,234,14,77,19,10,42,2,4,1,8,"SP"
10909,1948,"Graduation","Married","$92,344.00 ",0,0,992,24,694,51,19,119,0,5,10,5,"AUS"
3376,1970,"Master","Widow","$55,282.00 ",1,0,125,6,73,8,4,19,1,3,1,6,"SP"
10232,1963,"PhD","Widow","$48,799.00 ",0,1,174,18,81,28,6,24,3,3,2,7,"SP"
5547,1982,"PhD","Married","$84,169.00 ",0,0,1478,19,403,0,19,0,1,7,6,6,"SP"
8362,1982,"PhD","Married","$84,169.00 ",0,0,1478,19,403,0,19,0,1,7,6,6,"SA"
3524,1971,"Master","Single","$39,763.00 ",1,0,80,1,60,4,6,16,2,5,1,2,"SP"
10095,1975,"PhD","Widow","$74,165.00 ",0,0,1001,12,240,16,12,12,1,5,4,10,"CA"
8897,1965,"Graduation","Single","$42,720.00 ",1,1,392,5,91,28,26,112,8,7,3,7,"GER"
466,1944,"Graduation","Married","$65,275.00 ",0,0,388,14,218,91,14,21,1,4,3,13,"SP"
11025,1961,"Graduation","Married","$36,443.00 ",1,1,65,0,46,4,3,20,4,3,1,3,"SP"
2387,1952,"Master","Married","$43,776.00 ",1,1,177,2,71,3,2,20,6,5,2,4,"SA"
1618,1965,"Graduation","Married","$56,046.00 ",0,0,577,0,64,0,0,51,2,10,1,8,"GER"
25,1958,"Graduation","Married","$65,148.00 ",0,1,460,35,422,33,12,153,2,6,6,7,"CA"
3277,1955,"Graduation","Widow","$49,431.00 ",0,1,219,3,100,26,0,17,2,7,1,5,"SP"
8566,1961,"PhD","Married","$32,583.00 ",1,1,5,0,3,0,0,1,1,1,0,2,"SP"
2634,1979,"Master","Single","$16,653.00 ",1,0,5,7,31,15,4,7,3,2,1,3,"SP"
8036,1971,"Undergraduate","Married","$26,850.00 ",1,1,31,1,13,7,2,9,4,2,1,4,"SP"
8159,1968,"Graduation","Married","$51,287.00 ",1,1,117,0,22,13,0,30,3,4,1,3,"SP"
7628,1973,"Undergraduate","Married","$43,050.00 ",1,0,30,5,24,6,3,8,2,2,0,4,"SP"
9597,1969,"Graduation","Married","$73,448.00 ",0,0,236,106,189,23,41,130,1,7,2,9,"CA"
1384,1992,"Undergraduate","Married","$17,256.00 ",1,0,6,4,14,8,8,22,2,2,1,2,"US"
10150,1961,"Graduation","Single","$86,429.00 ",0,0,464,28,873,29,18,37,0,7,4,7,"SA"
3885,1983,"PhD","Married","$33,569.00 ",1,0,16,2,18,3,0,24,1,1,1,2,"SP"
11003,1980,"Undergraduate","Married","$25,130.00 ",1,0,2,5,7,0,18,18,2,2,0,3,"CA"
8026,1952,"Graduation","Married","$62,998.00 ",0,1,120,58,73,65,89,58,5,5,4,5,"CA"
577,1976,"Undergraduate","Married","$26,907.00 ",1,1,9,1,7,0,3,2,2,1,0,3,"SP"
8702,1976,"Undergraduate","Married","$26,907.00 ",1,1,9,1,7,0,3,2,2,1,0,3,"AUS"
5429,1948,"PhD","Married","$45,579.00 ",0,1,145,1,33,2,1,1,1,4,1,4,"SP"
977,1957,"Graduation","Married","$47,320.00 ",0,1,200,19,111,50,15,19,6,5,1,8,"CA"
2793,1976,"PhD","Widow","$70,179.00 ",0,1,532,88,168,69,44,133,3,7,3,13,"SA"
1071,1976,"PhD","Widow","$70,179.00 ",0,1,532,88,168,69,44,133,3,7,3,13,"US"
5074,1986,"Master","Married","$28,072.00 ",1,0,30,0,10,2,0,5,1,1,0,3,"CA"
2632,1954,"Graduation","Married","$50,501.00 ",1,1,297,0,38,13,0,152,7,5,4,4,"IND"
6404,1969,"Graduation","Married","$58,917.00 ",1,2,151,7,89,0,7,28,5,4,1,6,"SA"
10240,1949,"Graduation","Married","$69,372.00 ",0,0,997,26,269,34,13,42,1,10,4,6,"CA"
2521,1971,"Master","Married","$35,178.00 ",1,0,23,1,13,2,2,18,1,1,1,2,"SP"
4301,1971,"Master","Married","$35,178.00 ",1,0,23,1,13,2,2,18,1,1,1,2,"AUS"
7381,1968,"Graduation","Widow","$75,693.00 ",0,0,797,153,293,72,97,30,1,11,4,6,"SP"
2407,1982,"Graduation","Married","$69,109.00 ",0,0,823,25,459,124,29,95,1,6,6,7,"US"
9064,1982,"Graduation","Married","$69,109.00 ",0,0,823,25,459,124,29,95,1,6,6,7,"SP"
5067,1994,"Graduation","Married","$80,134.00 ",0,0,966,26,282,52,26,26,1,2,7,11,"SP"
10281,1970,"Graduation","Widow","$64,713.00 ",1,0,180,60,241,13,54,54,2,5,5,7,"AUS"
11191,1986,"Graduation","Widow","$41,411.00 ",0,0,37,32,38,11,3,18,1,2,1,4,"SP"
2552,1955,"PhD","Single","$55,521.00 ",1,2,416,0,26,0,0,4,9,6,3,6,"SP"
6720,1968,"Master","Married","$43,795.00 ",0,1,314,11,53,4,3,107,3,7,3,4,"SP"
4557,1970,"Graduation","Married","$22,070.00 ",1,0,10,7,19,8,2,21,2,2,2,2,"SA"
1183,1949,"Master","Married","$36,408.00 ",1,1,9,1,4,3,2,3,1,1,0,2,"GER"
4186,1950,"Graduation","Married","$34,026.00 ",1,1,18,6,15,12,8,17,3,2,1,3,"CA"
1419,1950,"Graduation","Married","$34,026.00 ",1,1,18,6,15,12,8,17,3,2,1,3,"SP"
967,1976,"Graduation","Married","$46,049.00 ",1,1,342,9,112,19,14,19,10,5,2,9,"SP"
1048,1972,"Master","Married","$35,641.00 ",1,0,63,3,67,8,9,28,2,3,1,4,"SA"
9262,1984,"Undergraduate","Married","$32,414.00 ",0,0,20,6,5,0,9,12,1,1,0,3,"SA"
3427,1955,"PhD","Married","$59,821.00 ",0,1,629,0,70,0,0,35,6,11,2,7,"SA"
5892,1980,"Graduation","Married","$34,968.00 ",1,0,158,6,45,8,2,2,7,3,2,5,"SA"
8911,1967,"PhD","Married","$56,320.00 ",0,1,201,53,172,116,77,83,3,5,4,9,"SP"
6606,1969,"Master","Married","$70,091.00 ",1,0,964,34,137,15,0,11,2,5,2,10,"SP"
2677,1956,"Graduation","Married","$46,097.00 ",0,1,72,24,68,65,4,8,5,3,1,6,"SA"
252,1963,"PhD","Widow","$41,003.00 ",0,0,123,133,142,71,44,88,1,6,2,8,"SA"
9860,1959,"Graduation","Married","$44,911.00 ",0,1,159,0,22,2,1,31,3,4,1,4,"SP"
1388,1975,"Graduation","Single","$33,249.00 ",1,0,6,10,21,19,14,42,2,2,1,3,"AUS"
979,1975,"Graduation","Single","$33,249.00 ",1,0,6,10,21,19,14,42,2,2,1,3,"SP"
7494,1950,"PhD","Widow","$42,873.00 ",1,1,209,0,40,3,2,15,4,6,1,4,"CA"
10490,1969,"PhD","Married","$51,039.00 ",1,1,100,64,79,65,0,109,2,6,2,4,"AUS"
3403,1958,"PhD","Married","$78,952.00 ",0,1,1170,19,594,99,76,134,2,2,5,12,"SP"
2715,1966,"Master","Widow","$29,435.00 ",1,1,70,3,37,4,2,64,4,3,2,2,"CA"
4828,1954,"Graduation","Widow","$79,865.00 ",0,1,71,99,278,185,121,38,1,5,10,5,"SA"
92,1988,"Graduation","Single","$34,176.00 ",1,0,5,7,24,19,14,20,4,3,0,4,"CA"
3312,1988,"Graduation","Single","$34,176.00 ",1,0,5,7,24,19,14,20,4,3,0,4,"IND"
11176,1970,"PhD","Married","$65,968.00 ",0,1,376,9,83,19,4,4,2,5,4,7,"CA"
1446,1956,"Master","Single","$86,424.00 ",0,0,387,68,569,89,45,68,1,6,9,12,"SA"
9699,1966,"Graduation","Widow","$67,272.00 ",0,1,357,35,271,28,28,14,3,6,2,12,"SP"
9790,1957,"Graduation","Single","$78,499.00 ",0,0,912,72,170,47,36,97,1,11,3,4,"CA"
2324,1972,"Graduation","Married","$77,044.00 ",0,1,625,38,242,50,34,76,2,7,11,11,"SP"
5080,1993,"Graduation","Single","$70,515.00 ",0,0,420,0,452,182,64,140,1,6,6,4,"ME"
4992,1975,"Master","Married","$17,459.00 ",1,0,6,4,16,3,10,30,3,3,1,2,"SP"
7849,1970,"PhD","Married","$80,336.00 ",0,0,209,19,456,160,142,66,1,2,9,13,"SP"
4808,1956,"Graduation","Married","$15,759.00 ",0,0,1,2,5,6,0,3,1,1,0,2,"SP"
10401,1976,"Undergraduate","Married","$26,326.00 ",0,0,1,0,5,0,3,9,1,0,0,3,"GER"
7793,1976,"Graduation","Married","$62,061.00 ",0,1,641,7,84,0,30,38,3,10,4,7,"SP"
9303,1976,"Graduation","Married","$5,305.00 ",0,1,12,4,7,1,3,5,0,1,0,0,"IND"
6853,1982,"Master","Single","$75,777.00 ",0,0,712,26,538,69,13,80,1,3,6,11,"AUS"
7366,1982,"Master","Single","$75,777.00 ",0,0,712,26,538,69,13,80,1,3,6,11,"IND"
9780,1971,"Master","Married","$71,499.00 ",0,1,465,25,132,136,0,37,2,8,3,13,"SP"
7573,1978,"PhD","Single","$31,626.00 ",1,0,39,1,9,2,1,34,1,2,1,2,"GER"
1379,1992,"Master","Married","$42,670.00 ",0,0,154,2,46,20,4,15,1,4,2,4,"SA"
8923,1973,"Graduation","Single","$83,917.00 ",0,0,514,22,732,42,198,79,1,6,7,7,"SP"
3547,1969,"Master","Married","$41,021.00 ",1,0,14,7,9,6,16,12,2,2,0,3,"SA"
8707,1956,"Graduation","Married","$79,456.00 ",0,0,565,42,548,64,83,99,1,5,6,4,"SP"
1891,1980,"Master","Widow","$78,789.00 ",0,0,667,50,850,21,83,83,1,4,6,5,"SP"
6271,1952,"PhD","Married","$50,870.00 ",0,1,53,0,8,0,0,2,1,2,0,3,"SP"
9635,1983,"Master","Married","$35,876.00 ",0,0,66,2,40,4,3,14,1,3,1,3,"SP"
9727,1957,"Graduation","Married","$23,539.00 ",0,0,4,24,11,16,1,25,1,2,0,4,"CA"
6205,1967,"Master","Single","$32,557.00 ",1,0,34,3,29,0,4,10,3,2,1,3,"CA"
10681,1970,"Undergraduate","Married","$62,466.00 ",0,1,129,129,259,168,121,83,5,6,3,12,"SP"
5156,1970,"Undergraduate","Married","$62,466.00 ",0,1,129,129,259,168,121,83,5,6,3,12,"SP"
3050,1966,"Graduation","Married","$54,198.00 ",1,1,185,0,28,3,2,17,6,3,1,6,"SP"
8164,1978,"PhD","Married","$82,170.00 ",0,0,1023,93,651,49,55,37,1,5,6,7,"SA"
5626,1964,"PhD","Single","$61,798.00 ",0,0,338,4,89,11,8,13,1,4,2,9,"SP"
7600,1992,"Undergraduate","Single","$15,253.00 ",1,0,1,3,3,8,1,13,2,1,0,3,"CA"
6406,1988,"Master","Married","$78,285.00 ",0,0,647,107,391,175,67,40,1,6,4,10,"GER"
7002,1955,"Graduation","Single","$62,535.00 ",0,1,163,48,90,0,45,52,1,3,2,8,"SP"
8234,1973,"Undergraduate","Married","$27,190.00 ",1,0,1,6,7,0,1,3,1,1,0,2,"SP"
6116,1968,"Undergraduate","Married","$48,985.00 ",0,1,19,13,18,10,7,8,1,1,1,3,"SP"
291,1970,"Graduation","Married","$72,940.00 ",0,0,182,74,298,162,149,116,1,3,3,6,"SA"
8779,1985,"Undergraduate","Married","$36,145.00 ",1,0,56,4,76,17,1,18,4,4,1,3,"US"
4931,1977,"Graduation","Married","$157,146.00 ",0,0,1,0,1725,2,1,1,0,0,28,0,"SA"
1650,1960,"Master","Married","$81,843.00 ",0,0,779,86,537,34,69,138,1,5,9,12,"SP"
9701,1988,"Graduation","Married","$41,883.00 ",1,0,32,34,41,73,16,116,3,4,2,3,"CA"
6431,1964,"PhD","Married","$45,759.00 ",1,1,42,1,18,3,0,4,2,2,0,3,"IND"
10789,1964,"PhD","Married","$45,759.00 ",1,1,42,1,18,3,0,4,2,2,0,3,"SP"
5302,1986,"Graduation","Married","$78,394.00 ",0,0,298,27,697,216,24,166,1,4,6,5,"SP"
4459,1989,"Graduation","Single","$30,279.00 ",1,0,10,4,14,4,4,1,1,1,0,3,"SP"
10642,1989,"Graduation","Single","$30,279.00 ",1,0,10,4,14,4,4,1,1,1,0,3,"SP"
9213,1970,"Graduation","Widow","$31,880.00 ",1,0,4,1,5,2,0,3,1,1,0,2,"SP"
3678,1973,"Graduation","Widow","$60,208.00 ",1,1,488,23,71,15,0,59,11,8,3,7,"SP"
3698,1983,"Graduation","Married","$78,687.00 ",0,0,817,185,687,145,55,241,1,4,6,8,"SP"
5929,1973,"PhD","Married","$37,401.00 ",1,0,19,3,19,3,1,3,2,2,0,3,"SP"
10795,1973,"PhD","Married","$37,401.00 ",1,0,19,3,19,3,1,3,2,2,0,3,"IND"
4390,1954,"Graduation","Married","$75,315.00 ",0,1,459,15,171,142,23,31,2,5,4,12,"SA"
9362,1965,"Graduation","Single","$69,263.00 ",0,1,492,5,32,13,5,21,1,9,1,7,"CA"
1577,1946,"Graduation","Married","$78,569.00 ",0,0,558,79,622,207,175,95,1,4,6,4,"SP"
4609,1966,"PhD","Married","$57,705.00 ",0,1,383,0,53,6,4,40,3,8,1,6,"SP"
7143,1955,"Undergraduate","Married","$74,805.00 ",0,1,209,162,209,41,162,37,5,4,7,10,"SP"
1729,1961,"PhD","Married","$66,426.00 ",0,1,1043,24,97,32,24,157,2,3,5,10,"SP"
10664,1949,"Master","Widow","$51,529.00 ",0,1,400,4,35,6,0,22,2,9,1,5,"SP"
5029,1946,"Graduation","Married","$18,100.00 ",0,0,3,1,2,4,3,1,1,0,0,3,"SP"
10507,1977,"Undergraduate","Widow","$59,601.00 ",0,1,691,7,69,0,7,23,4,2,2,7,"US"
3865,1977,"Undergraduate","Married","$20,981.00 ",0,0,2,12,10,6,13,30,1,3,1,2,"CA"
6982,1976,"Graduation","Married","$74,068.00 ",0,0,783,30,537,140,76,15,1,4,10,9,"IND"
7042,1983,"Graduation","Married","$36,790.00 ",0,0,3,3,14,15,21,10,1,2,1,2,"SP"
9668,1971,"Graduation","Married","$18,793.00 ",1,0,4,16,20,0,17,20,3,2,0,4,"SA"
6878,1954,"Graduation","Widow","$27,421.00 ",0,0,43,12,96,78,40,55,3,4,1,6,"SP"
4099,1972,"Graduation","Married","$30,675.00 ",1,0,10,2,16,11,2,21,1,1,0,3,"SP"
5031,1974,"Graduation","Married","$83,145.00 ",0,0,777,35,731,39,137,114,1,5,9,11,"SP"
1970,1968,"Master","Married","$34,053.00 ",0,1,63,0,21,7,0,12,1,3,0,3,"SP"
5726,1983,"Master","Single","$31,788.00 ",1,0,16,7,23,0,8,6,3,3,0,4,"SA"
5231,1974,"Undergraduate","Married","$45,894.00 ",0,2,27,2,7,0,2,13,1,1,0,3,"SP"
1307,1978,"Graduation","Widow","$41,986.00 ",0,1,27,5,8,8,3,12,3,3,0,4,"SP"
10609,1962,"PhD","Married","$42,769.00 ",0,1,71,0,13,3,1,0,2,1,1,4,"CA"
5782,1982,"Undergraduate","Married","$58,582.00 ",0,1,402,35,106,101,77,42,2,9,2,9,"SP"
7533,1964,"Graduation","Married","$49,096.00 ",1,1,144,1,32,2,1,7,4,4,1,4,"CA"
9493,1980,"PhD","Single","$76,412.00 ",0,0,840,53,804,23,71,17,1,5,4,8,"CA"
2253,1990,"Graduation","Married","$18,929.00 ",0,0,32,0,8,23,4,18,1,1,0,4,"SP"
2326,1990,"Graduation","Married","$18,929.00 ",0,0,32,0,8,23,4,18,1,1,0,4,"SP"
1876,1990,"Graduation","Married","$18,929.00 ",0,0,32,0,8,23,4,18,1,1,0,4,"IND"
7141,1986,"Master","Single","$21,888.00 ",1,0,88,10,46,2,3,64,4,5,1,2,"SP"
7393,1978,"Graduation","Married","$41,580.00 ",1,1,56,5,24,4,0,3,3,2,1,3,"SP"
4713,1979,"PhD","Married","$31,605.00 ",1,0,74,0,42,2,1,6,2,2,1,4,"SP"
5093,1974,"PhD","Widow","$25,509.00 ",1,0,40,3,30,10,7,11,3,3,0,3,"SP"
8524,1974,"PhD","Widow","$25,509.00 ",1,0,40,3,30,10,7,11,3,3,0,3,"SP"
3766,1959,"Master","Widow","$33,051.00 ",0,0,100,71,243,108,94,219,3,9,1,8,"SP"
9725,1966,"PhD","Married","$28,764.00 ",1,1,8,0,3,0,0,1,1,1,0,2,"SP"
8933,1983,"Undergraduate","Married","$32,146.00 ",1,0,26,3,23,4,7,3,2,2,0,4,"CA"
10779,1983,"Graduation","Single","$22,148.00 ",0,0,15,5,14,0,4,11,1,1,0,3,"SP"
9289,1979,"Graduation","Married","$36,781.00 ",1,0,29,1,17,0,3,13,1,2,1,2,"SP"
2613,1960,"Master","Married","$54,197.00 ",0,1,162,6,37,6,13,13,2,1,3,6,"SP"
10133,1970,"Graduation","Single","$93,790.00 ",0,0,1302,68,731,89,114,45,0,6,7,12,"CA"
8443,1972,"Graduation","Single","$24,762.00 ",1,0,6,10,12,3,15,40,3,3,1,2,"SA"
10796,1984,"Master","Married","$30,477.00 ",1,0,47,1,6,0,0,12,1,1,1,3,"IND"
10241,1975,"Undergraduate","Widow","$11,448.00 ",0,0,0,0,0,6,2,6,1,1,0,2,"SP"
3388,1967,"Graduation","Widow","$70,844.00 ",1,1,129,26,67,3,67,2,5,6,1,5,"GER"
6507,1980,"Graduation","Single","$30,828.00 ",1,0,16,11,15,2,0,12,2,1,1,4,"AUS"
7446,1967,"Master","Married","$62,513.00 ",0,1,520,42,98,0,42,14,2,6,4,10,"US"
87,1981,"Undergraduate","Married","$27,733.00 ",1,0,0,7,5,26,2,17,2,2,0,3,"GER"
10477,1973,"PhD","Married","$39,435.00 ",1,0,71,0,18,0,0,13,1,3,1,2,"SP"
6072,1970,"Master","Single","$75,345.00 ",0,0,918,57,842,99,38,133,1,5,8,6,"SP"
2518,1986,"Undergraduate","Married","$20,491.00 ",0,0,5,4,5,4,2,10,1,0,1,2,"GER"
247,1971,"Graduation","Married","$36,715.00 ",1,0,172,10,125,21,13,16,6,7,2,4,"SP"
9463,1959,"Graduation","Married","$71,706.00 ",0,1,931,56,253,91,98,14,4,9,5,7,"CA"
1459,1966,"PhD","Married","$69,063.00 ",0,1,666,35,124,69,8,26,1,5,3,5,"SP"
9530,1988,"Graduation","Married","$24,645.00 ",1,0,5,3,4,4,1,0,1,1,0,2,"SA"
9653,1975,"Graduation","Married","$35,797.00 ",0,1,27,1,14,4,1,21,2,2,0,3,"SA"
10785,1969,"Graduation","Married","$44,078.00 ",1,1,24,1,10,2,0,4,2,2,0,3,"SA"
9392,1971,"Graduation","Single","$26,954.00 ",1,0,4,1,11,0,0,1,1,1,0,2,"SP"
10146,1972,"PhD","Married","$38,887.00 ",1,0,25,1,13,0,0,3,1,1,0,3,"AUS"
4741,1974,"Undergraduate","Married","$65,463.00 ",1,0,391,32,70,21,32,16,2,6,2,9,"SP"
1880,1959,"PhD","Married","$53,537.00 ",1,1,81,0,6,0,0,6,2,2,1,3,"IND"
6471,1971,"Master","Single","$36,230.00 ",1,0,14,2,30,8,2,3,1,2,0,4,"SP"
5718,1950,"Graduation","Married","$80,763.00 ",0,0,674,168,108,192,42,231,1,5,11,6,"SA"
3478,1971,"PhD","Married","$60,585.00 ",1,1,267,42,309,55,42,21,10,7,4,9,"CA"
7848,1974,"Graduation","Single","$49,166.00 ",0,1,224,2,25,7,0,110,2,5,3,3,"IND"
7999,1955,"PhD","Married","$75,261.00 ",0,0,1239,17,413,23,34,17,1,5,6,5,"SP"
11101,1991,"Graduation","Married","$89,891.00 ",0,0,412,22,132,59,28,183,1,11,6,8,"AUS"
9212,1962,"Master","Married","$72,828.00 ",0,1,1205,0,235,19,14,205,6,6,3,13,"SP"
10983,1952,"Graduation","Married","$75,278.00 ",0,0,304,98,230,150,74,74,1,6,3,13,"SA"
3629,1978,"Graduation","Single","$38,557.00 ",1,0,76,3,31,4,4,27,2,3,1,3,"CA"
4673,1963,"PhD","Married","$81,300.00 ",0,1,1004,12,145,32,12,36,3,10,3,5,"SP"
796,1965,"Undergraduate","Widow","$60,161.00 ",0,1,584,44,212,46,8,177,3,11,4,8,"CA"
618,1977,"PhD","Married","$69,389.00 ",0,1,422,7,238,69,46,15,1,7,2,12,"AUS"
380,1954,"Graduation","Widow","$64,497.00 ",0,1,1170,48,320,42,32,192,5,11,4,9,"SA"
1092,1980,"Graduation","Married","$61,014.00 ",0,1,269,129,495,182,43,29,4,9,3,4,"IND"
8962,1975,"Master","Married","$44,319.00 ",1,1,26,0,8,0,0,3,2,2,0,3,"SA"
8207,1957,"Undergraduate","Married","$53,233.00 ",0,1,28,0,9,3,0,0,1,1,0,3,"CA"
6521,1954,"Graduation","Married","$77,972.00 ",0,0,613,22,319,33,102,12,1,4,6,9,"SA"
535,1987,"Graduation","Widow","$81,361.00 ",0,0,163,23,424,27,65,76,1,3,10,13,"GER"
4608,1987,"Graduation","Widow","$81,361.00 ",0,0,163,23,424,27,65,76,1,3,10,13,"SA"
11086,1984,"Undergraduate","Single","$25,707.00 ",1,0,1,6,2,3,6,3,1,1,0,3,"SP"
1064,1971,"PhD","Married","$42,403.00 ",1,0,22,1,11,0,5,3,1,1,0,3,"SP"
7000,1972,"Undergraduate","Single","$65,704.00 ",0,0,279,172,74,38,8,246,1,2,10,10,"GER"
1581,1980,"Graduation","Married","$37,406.00 ",1,0,2,0,8,2,2,3,1,1,0,2,"SP"
7384,1951,"Master","Married","$39,767.00 ",0,0,113,61,204,34,26,47,2,7,1,7,"SP"
10552,1979,"Undergraduate","Married","$54,210.00 ",0,1,70,54,109,80,9,45,2,4,1,7,"SP"
6409,1967,"Graduation","Widow","$57,136.00 ",0,0,267,140,599,34,12,127,1,7,5,7,"SA"
9507,1975,"Graduation","Married","$40,794.00 ",0,1,261,23,73,4,23,50,2,6,3,5,"SP"
9560,1965,"Graduation","Married","$83,003.00 ",0,0,856,61,570,40,25,122,1,7,6,8,"SP"
10991,1960,"Master","Married","$89,058.00 ",0,0,454,194,106,31,22,43,1,5,4,4,"CA"
4712,1991,"Undergraduate","Married","$20,193.00 ",0,0,8,8,22,24,11,9,1,1,1,4,"SP"
11056,1974,"Graduation","Married","$72,099.00 ",0,0,546,91,410,119,0,22,1,3,4,10,"SP"
7414,1971,"Graduation","Married","$43,824.00 ",1,1,96,1,42,12,3,32,4,3,1,4,"SP"
3076,1975,"Graduation","Married","$66,653.00 ",1,1,452,18,102,16,18,6,4,4,2,12,"AUS"
6355,1978,"Graduation","Married","$44,359.00 ",1,1,20,0,14,7,3,1,3,2,0,4,"SP"
7959,1961,"Graduation","Married","$79,410.00 ",0,0,658,80,483,123,13,13,1,3,2,5,"SP"
5512,1977,"Master","Married","$55,842.00 ",0,1,451,0,39,0,4,24,1,7,1,8,"SP"
10102,1966,"Graduation","Widow","$79,946.00 ",0,0,395,183,565,166,141,28,1,5,11,5,"SA"
9369,1979,"Undergraduate","Single","$88,194.00 ",0,1,688,14,309,201,24,38,1,11,10,10,"GER"
3711,1944,"Master","Married","$80,184.00 ",0,0,1035,134,670,25,38,0,1,6,3,10,"SP"
6931,1967,"Graduation","Widow","$76,982.00 ",0,0,464,151,292,65,60,30,1,8,3,4,"SP"
9596,1980,"PhD","Single","$65,295.00 ",0,0,365,32,117,34,110,6,1,3,3,13,"US"
2727,1973,"Graduation","Married","$57,100.00 ",0,0,181,21,69,39,3,96,1,3,3,6,"SA"
8416,1981,"Graduation","Married","$29,009.00 ",1,0,6,6,15,10,5,2,2,2,0,3,"US"
3967,1971,"PhD","Married","$78,931.00 ",0,0,331,197,170,58,152,35,1,2,8,13,"CA"
2139,1975,"Master","Married","$7,500.00 ",1,0,3,1,10,3,2,12,3,2,0,3,"AUS"
2162,1976,"Graduation","Married","$56,939.00 ",0,1,256,34,103,90,29,49,2,3,3,10,"SP"
9242,1990,"Graduation","Single","$64,509.00 ",0,0,836,185,575,24,25,77,1,6,3,9,"SA"
10595,1990,"Graduation","Married","$30,093.00 ",0,0,2,6,28,13,4,16,1,2,0,3,"SP"
4855,1974,"PhD","Married","$30,351.00 ",1,0,14,0,24,3,3,2,1,3,0,2,"US"
5049,1974,"PhD","Married","$30,351.00 ",1,0,14,0,24,3,3,2,1,3,0,2,"SP"
4967,1960,"PhD","Married","$38,201.00 ",0,1,233,0,23,0,0,12,4,5,1,5,"SA"
9215,1980,"PhD","Married","$43,974.00 ",1,0,378,0,101,0,0,72,5,6,4,6,"CA"
3525,1970,"Graduation","Married","$38,200.00 ",1,1,12,0,4,0,0,1,1,1,0,2,"SP"
3619,1960,"Undergraduate","Widow","$87,305.00 ",0,0,345,25,501,63,138,80,1,5,3,8,"AUS"
4415,1961,"Graduation","Married","$16,860.00 ",1,1,10,4,4,3,3,14,3,1,1,3,"SP"
3645,1972,"PhD","Single","$27,213.00 ",1,0,19,3,26,10,9,3,3,2,0,4,"SP"
4692,1976,"Graduation","Married","$7,500.00 ",1,0,7,0,12,13,7,32,5,4,1,2,"AUS"
3955,1965,"Graduation","Widow","$4,861.00 ",0,0,2,1,1,1,0,1,0,0,0,0,"SA"
5313,1971,"Master","Married","$38,196.00 ",1,1,30,0,11,0,0,3,3,2,0,4,"SP"
7196,1950,"PhD","Married","$41,145.00 ",1,1,9,0,3,0,0,1,1,0,0,3,"CA"
1381,1982,"PhD","Single","$38,513.00 ",1,0,172,3,115,16,0,18,5,6,1,5,"SP"
10951,1968,"Graduation","Married","$45,688.00 ",0,1,279,0,18,0,0,9,2,3,1,8,"SP"
4322,1958,"PhD","Married","$77,863.00 ",0,0,881,38,319,16,25,12,1,4,5,10,"SP"
7444,1969,"Master","Married","$42,169.00 ",1,1,19,0,9,0,0,2,2,1,0,3,"SP"
2942,1964,"Graduation","Single","$45,906.00 ",0,1,305,3,27,4,3,144,2,5,4,4,"SP"
2874,1988,"Undergraduate","Widow","$35,388.00 ",1,0,6,4,7,4,3,8,1,1,0,3,"SA"
3667,1969,"Graduation","Married","$80,952.00 ",0,0,778,178,689,41,27,44,1,8,5,11,"GER"
3697,1954,"Graduation","Married","$39,898.00 ",0,1,69,8,26,12,7,12,2,3,0,4,"CA"
9955,1954,"Graduation","Married","$39,898.00 ",0,1,69,8,26,12,7,12,2,3,0,4,"SP"
5320,1973,"Master","Widow","$44,051.00 ",1,1,79,7,58,6,3,18,4,3,1,4,"SA"
6422,1954,"Graduation","Married","$86,718.00 ",0,0,344,189,482,50,33,172,1,5,6,5,"IND"
3690,1986,"Master","Married","$80,141.00 ",0,0,1184,102,673,52,40,40,1,7,4,10,"SP"
2408,1976,"Graduation","Married","$58,597.00 ",1,1,490,0,184,10,28,21,12,7,4,9,"IND"
9260,1945,"PhD","Married","$70,356.00 ",0,0,1349,16,249,43,16,33,2,10,6,9,"CA"
9648,1967,"Graduation","Single","$46,904.00 ",1,1,153,4,56,0,9,31,4,5,1,4,"SP"
4939,1946,"Graduation","Married","$37,760.00 ",0,0,84,5,38,150,12,28,2,4,1,6,"US"
8652,1946,"Graduation","Married","$37,760.00 ",0,0,84,5,38,150,12,28,2,4,1,6,"SA"
4702,1964,"Graduation","Single","$61,839.00 ",0,0,1000,155,379,224,17,120,1,4,8,4,"SP"
2587,1972,"PhD","Married","$29,791.00 ",1,0,14,0,6,0,0,0,2,2,0,3,"AUS"
2811,1963,"PhD","Single","$48,918.00 ",1,1,52,0,9,0,0,1,2,1,0,4,"SP"
9150,1963,"PhD","Single","$48,918.00 ",1,1,52,0,9,0,0,1,2,1,0,4,"SP"
10127,1965,"Graduation","Married","$58,692.00 ",0,1,301,11,61,4,7,11,1,8,2,4,"CA"
5493,1976,"Graduation","Married","$39,356.00 ",1,1,15,0,2,0,0,6,1,1,0,2,"SP"
2666,1972,"Master","Married","$76,234.00 ",0,1,519,50,167,130,0,41,1,8,3,11,"CA"
10099,1984,"Graduation","Married","$55,434.00 ",1,0,238,115,215,169,69,76,3,5,3,13,"SA"
10562,1946,"Master","Married","$66,835.00 ",0,0,620,26,195,34,17,141,1,6,4,13,"IND"
7881,1946,"Master","Married","$66,835.00 ",0,0,620,26,195,34,17,141,1,6,4,13,"SP"
6721,1951,"Graduation","Married","$71,965.00 ",0,1,572,19,286,50,38,248,3,6,3,5,"CA"
5204,1971,"Graduation","Married","$74,538.00 ",0,0,380,98,733,110,112,28,1,8,8,5,"SP"
5209,1954,"Graduation","Widow","$50,002.00 ",0,1,443,5,71,21,16,82,2,8,2,7,"SA"
10128,1958,"Graduation","Married","$53,977.00 ",0,1,620,16,165,0,24,82,5,5,5,12,"CA"
9284,1958,"Graduation","Married","$53,977.00 ",0,1,620,16,165,0,24,82,5,5,5,12,"SP"
8643,1971,"Graduation","Married","$69,930.00 ",0,0,252,98,827,219,70,196,1,4,5,12,"IND"
1685,1967,"PhD","Married","$62,981.00 ",0,0,796,14,590,38,44,0,1,4,5,13,"CA"
2877,1974,"Master","Married","$46,014.00 ",1,1,410,0,59,19,9,44,10,7,1,8,"SA"
8369,1987,"Graduation","Married","$18,227.00 ",1,0,1,2,7,4,3,11,1,0,1,2,"SP"
6233,1976,"Graduation","Married","$65,991.00 ",0,1,507,19,364,25,47,9,3,9,5,10,"SP"
195,1972,"Graduation","Single","$38,808.00 ",1,0,125,17,52,3,19,30,4,5,1,4,"SP"
1501,1982,"PhD","Married","$160,803.00 ",0,0,55,16,1622,17,3,4,15,0,28,1,"US"
10846,1978,"Master","Married","$43,783.00 ",1,0,327,9,125,25,4,139,6,7,1,8,"CA"
8341,1969,"PhD","Married","$30,396.00 ",1,0,15,0,6,0,1,12,2,1,1,2,"SP"
10766,1964,"PhD","Married","$65,526.00 ",0,1,397,19,69,12,0,9,1,4,4,8,"SP"
9971,1964,"PhD","Married","$65,526.00 ",0,1,397,19,69,12,0,9,1,4,4,8,"SA"
1740,1944,"Graduation","Married","$55,956.00 ",0,0,760,38,104,50,9,38,2,7,3,4,"SP"
8737,1978,"Graduation","Widow","$55,563.00 ",0,1,29,1,9,2,0,2,1,2,0,3,"SP"
6466,1965,"PhD","Married","$57,236.00 ",1,1,105,0,9,2,1,4,3,2,1,4,"SP"
10430,1973,"Graduation","Widow","$89,694.00 ",1,1,1126,28,211,37,28,42,3,4,3,4,"AUS"
8773,1971,"Master","Married","$57,420.00 ",0,1,280,0,18,0,0,24,3,5,1,6,"US"
2371,1972,"Graduation","Married","$33,622.00 ",1,1,39,1,22,3,4,12,3,2,0,4,"GER"
7786,1986,"PhD","Single","$29,999.00 ",1,0,68,7,59,10,5,11,4,3,1,4,"SP"
4088,1962,"PhD","Married","$31,497.00 ",0,1,108,1,28,13,1,4,2,3,1,4,"SP"
4971,1962,"PhD","Married","$31,497.00 ",0,1,108,1,28,13,1,4,2,3,1,4,"SA"
10560,1980,"PhD","Single","$36,802.00 ",1,0,16,1,2,0,0,1,1,1,0,3,"SP"
6892,1968,"Graduation","Widow","$61,671.00 ",0,1,641,7,56,0,0,28,8,10,4,6,"SP"
11004,1893,"Undergraduate","Single","$60,182.00 ",0,1,8,0,5,7,0,2,1,1,0,2,"SA"
1818,1971,"PhD","Married","$29,732.00 ",1,0,25,0,8,0,1,4,1,2,0,2,"CA"
9485,1986,"PhD","Married","$45,921.00 ",0,0,102,9,49,24,3,12,1,2,1,6,"SA"
6646,1984,"Graduation","Married","$16,529.00 ",1,0,3,0,5,13,0,1,1,1,0,3,"CA"
4248,1960,"Master","Single","$98,777.00 ",0,0,1000,19,711,125,115,38,0,4,6,9,"SP"
7451,1960,"Master","Single","$98,777.00 ",0,0,1000,19,711,125,115,38,0,4,6,9,"SP"
7861,1952,"Master","Married","$77,027.00 ",0,1,820,57,242,45,0,11,2,8,3,6,"SP"
5232,1965,"Graduation","Married","$69,139.00 ",0,1,86,12,75,33,15,6,1,4,1,5,"SP"
3011,1965,"Graduation","Married","$69,139.00 ",0,1,86,12,75,33,15,6,1,4,1,5,"SA"
5758,1982,"Graduation","Married","$65,169.00 ",0,0,1074,0,69,0,0,46,1,10,4,13,"SP"
2173,1952,"Graduation","Widow","$40,049.00 ",0,1,13,6,7,0,3,3,1,1,0,3,"SP"
10711,1945,"Graduation","Married","$69,755.00 ",0,0,217,77,373,111,23,93,1,3,6,12,"SA"
2782,1961,"PhD","Married","$54,456.00 ",0,1,352,0,27,10,0,15,3,6,1,7,"SP"
9432,1977,"Graduation","Married","$666,666.00 ",1,0,9,14,18,8,1,12,4,3,1,3,"SA"
5872,1951,"Graduation","Single","$60,689.00 ",0,1,240,90,216,63,6,24,4,4,4,10,"US"
11187,1978,"Undergraduate","Single","$26,487.00 ",1,0,2,8,10,12,14,23,3,2,1,3,"CA"
2428,1970,"Graduation","Married","$28,164.00 ",1,0,3,18,26,11,8,12,3,2,0,4,"GER"
1726,1970,"Graduation","Single","$22,585.00 ",0,0,3,9,15,13,2,39,1,1,1,2,"SP"
1802,1971,"Graduation","Married","$64,795.00 ",0,1,412,5,119,38,29,77,3,3,3,12,"SP"
1162,1987,"PhD","Single","$42,000.00 ",0,0,124,83,267,85,59,35,2,5,2,11,"SP"
10643,1987,"PhD","Single","$42,000.00 ",0,0,124,83,267,85,59,35,2,5,2,11,"AUS"
11112,1966,"Graduation","Married","$70,713.00 ",0,1,736,114,279,82,76,190,6,5,6,8,"SP"
2114,1946,"PhD","Single","$82,800.00 ",0,0,1006,22,115,59,68,45,1,7,6,12,"US"
4261,1946,"PhD","Single","$82,800.00 ",0,0,1006,22,115,59,68,45,1,7,6,12,"SA"
2457,1975,"Undergraduate","Married","$30,801.00 ",0,1,8,4,5,15,2,11,2,1,0,3,"SP"
2495,1974,"Master","Married","$83,891.00 ",0,1,217,38,350,111,85,15,1,4,7,10,"SP"
6983,1950,"Master","Widow","$38,054.00 ",1,1,23,2,17,2,1,0,2,2,0,3,"IND"
3436,1969,"Graduation","Married","$14,045.00 ",1,0,11,0,5,2,1,1,1,1,0,3,"SP"
7505,1957,"PhD","Married","$44,155.00 ",1,1,22,1,9,0,0,14,1,1,1,2,"SP"
4286,1970,"PhD","Single","$57,642.00 ",0,1,580,6,58,8,0,27,3,7,6,6,"IND"
7224,1977,"Graduation","Married","$31,353.00 ",1,1,10,0,10,3,1,7,2,1,1,2,"IND"
6215,1977,"Graduation","Married","$31,353.00 ",1,1,10,0,10,3,1,7,2,1,1,2,"SA"
968,1968,"Master","Widow","$41,335.00 ",1,0,112,19,21,16,14,5,3,4,1,4,"AUS"
4096,1968,"Master","Widow","$41,335.00 ",1,0,112,19,21,16,14,5,3,4,1,4,"US"
3153,1957,"PhD","Single","$40,737.00 ",2,1,11,0,4,0,0,2,1,1,0,2,"SA"
6504,1975,"Undergraduate","Married","$19,789.00 ",1,0,2,5,9,28,6,28,3,2,1,3,"SP"
5329,1949,"PhD","Widow","$35,946.00 ",1,1,8,0,3,0,0,0,1,0,0,3,"AUS"
1175,1983,"Master","Married","$36,262.00 ",0,0,88,39,54,64,28,153,1,3,5,3,"SP"
1377,1954,"Master","Widow","$44,551.00 ",0,1,182,4,33,0,0,66,2,4,1,5,"SA"
4607,1959,"Graduation","Married","$71,367.00 ",0,0,227,23,389,42,21,75,1,4,5,7,"SP"
4944,1959,"Graduation","Married","$71,367.00 ",0,0,227,23,389,42,21,75,1,4,5,7,"SP"
9483,1959,"Graduation","Married","$57,957.00 ",0,1,290,59,177,77,5,29,7,4,6,8,"CA"
1378,1972,"Undergraduate","Married","$50,334.00 ",0,1,284,16,160,84,16,134,6,7,4,6,"SA"
5991,1949,"Master","Married","$48,150.00 ",0,1,173,2,39,3,2,47,3,5,1,4,"GER"
2807,1969,"Graduation","Married","$56,796.00 ",0,1,656,38,161,62,47,37,3,8,9,7,"SP"
1052,1969,"Graduation","Married","$56,796.00 ",0,1,656,38,161,62,47,37,3,8,9,7,"AUS"
9760,1963,"PhD","Widow","$52,278.00 ",0,1,953,0,71,0,0,174,6,10,5,10,"SA"
7101,1963,"PhD","Widow","$52,278.00 ",0,1,953,0,71,0,0,174,6,10,5,10,"SP"
9909,1996,"Undergraduate","Married","$7,500.00 ",0,0,3,18,14,15,22,50,3,3,1,3,"AUS"
5907,1952,"Master","Married","$33,444.00 ",1,1,8,0,8,0,0,2,1,1,0,2,"SP"
793,1973,"Graduation","Married","$20,895.00 ",1,0,18,3,17,3,0,4,1,2,0,3,"AUS"
8832,1976,"Master","Married","$37,509.00 ",1,0,37,5,56,12,8,5,2,3,0,4,"GER"
2535,1978,"Master","Married","$88,097.00 ",1,0,163,0,480,0,126,75,1,6,5,8,"SP"
1523,1973,"Graduation","Married","$59,041.00 ",1,1,69,2,15,2,2,6,2,2,0,4,"SA"
1839,1974,"Graduation","Single","$43,322.00 ",0,0,56,7,48,10,2,18,1,3,0,4,"IND"
9972,1955,"PhD","Married","$46,015.00 ",1,1,38,0,2,0,0,6,1,1,0,3,"SA"
2945,1955,"PhD","Married","$46,015.00 ",1,1,38,0,2,0,0,6,1,1,0,3,"CA"
9291,1959,"Master","Married","$34,242.00 ",0,1,8,2,4,0,0,1,1,0,0,3,"SP"
2829,1955,"Graduation","Married","$65,210.00 ",0,1,626,0,70,0,7,28,2,9,3,8,"CA"
8594,1958,"PhD","Widow","$50,520.00 ",0,1,112,0,6,2,1,14,2,3,1,3,"SP"
1592,1970,"Graduation","Married","$90,765.00 ",0,0,547,99,812,151,82,33,0,4,6,5,"CA"
4310,1944,"Graduation","Married","$80,589.00 ",0,0,507,93,520,242,40,26,1,5,10,5,"AUS"
6950,1958,"Master","Married","$49,572.00 ",1,1,35,1,16,0,1,1,2,2,0,3,"CA"
8492,1978,"Graduation","Married","$75,437.00 ",0,0,795,0,545,95,58,0,1,8,4,10,"SP"
5684,1971,"Master","Widow","$44,635.00 ",1,1,56,0,9,0,0,3,2,2,0,3,"SP"
5909,1964,"Graduation","Married","$58,512.00 ",0,1,895,10,101,13,0,152,5,3,4,8,"GER"
9855,1952,"PhD","Single","$62,000.00 ",0,1,899,0,101,0,0,20,1,6,6,13,"SP"
975,1956,"Graduation","Single","$54,252.00 ",1,1,178,4,26,8,4,44,5,4,1,5,"AUS"
8754,1974,"PhD","Married","$45,068.00 ",0,1,14,0,3,0,0,3,1,1,0,2,"SP"
1456,1979,"Graduation","Single","$60,474.00 ",0,1,265,199,303,234,9,170,7,10,2,12,"IND"
2849,1979,"Graduation","Single","$60,474.00 ",0,1,265,199,303,234,9,170,7,10,2,12,"CA"
9984,1981,"Undergraduate","Married","$56,337.00 ",1,1,349,16,144,28,5,182,5,8,5,4,"SP"
5527,1987,"Graduation","Married","$22,434.00 ",1,0,4,12,11,3,13,15,2,2,0,3,"SP"
5628,1982,"Graduation","Married","$61,416.00 ",0,0,848,154,323,201,61,78,1,10,3,10,"US"
7627,1975,"Master","Married","$92,163.00 ",0,0,817,183,797,106,163,20,0,5,11,5,"SP"
1351,1956,"Master","Married","$58,656.00 ",0,1,962,12,194,16,24,12,4,7,8,13,"SP"
10395,1986,"Undergraduate","Single","$8,940.00 ",1,0,1,45,3,4,6,42,3,3,1,3,"SP"
6961,1974,"Graduation","Married","$26,751.00 ",2,0,1,1,5,0,3,1,1,1,0,2,"SP"
10196,1978,"Graduation","Married","$71,427.00 ",2,0,212,123,177,15,64,23,2,8,2,8,"US"
6182,1984,"Graduation","Married","$26,646.00 ",1,0,11,4,20,10,3,5,2,2,0,4,"US"
10432,1974,"Graduation","Widow","$19,346.00 ",1,0,2,0,9,3,6,2,1,1,0,3,"CA"
1542,1975,"Graduation","Single","$56,243.00 ",1,2,347,0,35,4,3,7,6,4,2,8,"US"
4220,1970,"PhD","Married","$59,892.00 ",0,1,73,0,13,0,1,0,1,2,1,3,"CA"
4141,1965,"Graduation","Married","$71,613.00 ",0,0,426,49,127,111,21,42,1,8,2,10,"US"
1940,1986,"Graduation","Married","$25,252.00 ",1,0,1,3,4,2,2,6,1,1,0,2,"AUS"
1506,1975,"Graduation","Single","$42,160.00 ",1,1,48,9,45,3,15,20,4,2,1,4,"SP"
6347,1979,"Undergraduate","Single","$15,862.00 ",1,0,1,1,4,11,9,10,1,1,0,3,"SP"
1361,1974,"Master","Married","$82,584.00 ",0,0,1076,68,103,29,91,68,1,3,4,8,"SP"
9422,1989,"Graduation","Married","$38,360.00 ",1,0,36,2,42,20,21,10,2,2,1,4,"AUS"
1081,1957,"PhD","Married","$75,283.00 ",1,2,733,9,180,12,19,66,11,6,3,5,"SA"
7458,1956,"Master","Married","$34,941.00 ",1,1,39,2,25,4,3,24,2,3,0,3,"AUS"
1012,1952,"Graduation","Single","$61,823.00 ",0,1,523,7,134,37,14,169,4,8,2,10,"AUS"
5453,1956,"Master","Married","$90,226.00 ",0,0,1083,108,649,253,151,108,1,4,7,12,"SA"
6818,1974,"Graduation","Married","$44,989.00 ",0,1,98,0,106,49,10,106,5,5,1,5,"SP"
7807,1974,"Graduation","Married","$44,989.00 ",0,1,98,0,106,49,10,106,5,5,1,5,"SP"
7532,1980,"Graduation","Married","$43,586.00 ",0,1,99,2,11,4,0,16,3,3,0,4,"GER"
8346,1974,"Graduation","Single","$32,233.00 ",1,0,138,15,35,25,11,72,2,6,2,2,"SP"
5564,1969,"Graduation","Married","$62,882.00 ",0,1,509,133,497,78,24,97,2,7,5,6,"AUS"
3267,1963,"Master","Married","$57,288.00 ",0,1,527,0,21,0,0,60,3,8,1,8,"CA"
3091,1981,"Undergraduate","Married","$75,774.00 ",1,0,340,21,134,258,14,56,1,7,5,8,"SA"
762,1981,"Undergraduate","Married","$75,774.00 ",1,0,340,21,134,258,14,56,1,7,5,8,"SP"
8029,1988,"Master","Single","$90,247.00 ",0,0,1184,32,352,21,16,16,1,3,4,7,"US"
4376,1960,"Undergraduate","Single","$32,218.00 ",0,0,10,24,15,13,1,30,1,2,1,3,"SP"
10981,1988,"Graduation","Married","$84,219.00 ",0,0,434,137,400,45,137,45,1,3,4,10,"SA"
486,1988,"Graduation","Married","$84,219.00 ",0,0,434,137,400,45,137,45,1,3,4,10,"CA"
1158,1966,"Graduation","Widow","$48,877.00 ",0,1,102,1,15,2,0,24,1,3,0,4,"SP"
9119,1950,"Graduation","Married","$60,905.00 ",0,1,208,17,76,36,17,38,2,3,3,7,"US"
6694,1964,"Graduation","Married","$75,236.00 ",0,1,438,66,400,12,38,114,1,8,3,13,"SP"
10573,1953,"Graduation","Widow","$62,551.00 ",0,0,125,16,98,134,21,27,1,6,7,4,"IND"
10140,1983,"PhD","Married","$70,123.00 ",0,0,1308,0,396,23,0,0,1,5,7,4,"IND"
2286,1962,"Graduation","Single","$50,785.00 ",1,1,64,1,21,0,1,27,2,2,1,3,"CA"
8420,1970,"Undergraduate","Married","$15,315.00 ",0,0,7,4,13,15,8,17,2,2,0,4,"SP"
10065,1970,"Undergraduate","Married","$15,315.00 ",0,0,7,4,13,15,8,17,2,2,0,4,"SP"
1029,1970,"PhD","Married","$64,413.00 ",0,1,200,5,44,0,10,20,1,5,1,5,"SP"
4207,1981,"PhD","Married","$87,171.00 ",0,0,1001,44,107,58,44,44,1,6,7,11,"SP"
10277,1961,"Graduation","Single","$30,081.00 ",0,1,36,0,2,0,0,4,1,1,0,3,"SP"
4436,1976,"Graduation","Single","$20,180.00 ",0,0,18,42,24,15,20,18,1,2,1,4,"SP"
2929,1976,"Graduation","Single","$20,180.00 ",0,0,18,42,24,15,20,18,1,2,1,4,"SP"
6281,1966,"Graduation","Widow","$55,686.00 ",0,1,673,0,199,37,47,26,2,6,3,5,"SP"
10390,1959,"Undergraduate","Married","$26,887.00 ",0,1,6,7,4,3,4,6,1,1,0,3,"SP"
2574,1977,"PhD","Married","$61,996.00 ",0,1,1050,12,144,0,0,24,3,6,4,8,"SP"
709,1952,"Graduation","Widow","$51,537.00 ",0,1,787,20,204,0,0,92,3,2,2,11,"SA"
5955,1962,"Graduation","Married","$72,025.00 ",0,0,833,33,549,151,133,233,1,4,3,8,"SP"
8486,1971,"Master","Married","$30,538.00 ",1,0,284,0,52,8,3,20,4,9,0,4,"SP"
10343,1991,"Undergraduate","Single","$61,618.00 ",0,0,605,91,399,0,45,205,2,3,6,8,"IND"
6652,1965,"Graduation","Married","$77,343.00 ",0,0,227,151,573,98,54,31,1,3,4,9,"CA"
8746,1989,"Graduation","Married","$75,433.00 ",1,0,800,0,297,0,34,57,2,2,5,10,"SP"
4686,1962,"PhD","Widow","$82,571.00 ",0,0,861,31,558,62,95,79,0,6,5,13,"SP"
3551,1954,"Master","Married","$60,033.00 ",0,1,62,1,57,19,11,48,2,2,1,5,"SP"
4338,1983,"Graduation","Single","$39,062.00 ",1,0,23,0,9,0,0,12,1,1,0,3,"SP"
4444,1972,"Graduation","Married","$30,023.00 ",1,0,11,0,16,7,6,21,1,2,0,3,"SP"
498,1970,"Graduation","Single","$30,015.00 ",1,0,25,0,22,2,3,5,2,1,0,4,"SP"
8230,1980,"Graduation","Married","$33,228.00 ",1,0,22,2,31,7,4,5,1,2,0,3,"SP"
2826,1967,"Graduation","Married","$22,574.00 ",2,1,25,0,8,2,0,2,2,2,0,3,"SP"
6222,1967,"Graduation","Married","$22,574.00 ",2,1,25,0,8,2,0,2,2,2,0,3,"SP"
7352,1957,"Graduation","Married","$55,267.00 ",0,1,161,28,136,32,3,45,4,3,4,6,"CA"
10928,1958,"Graduation","Married","$66,886.00 ",0,1,315,4,62,41,31,146,2,7,1,7,"SP"
10736,1971,"Graduation","Single","$72,258.00 ",0,1,522,0,522,227,120,134,2,6,9,5,"CA"
10163,1984,"PhD","Single","$82,733.00 ",0,0,712,50,420,65,38,38,1,8,4,7,"SP"
6168,1963,"Graduation","Widow","$45,146.00 ",1,1,33,0,5,0,0,15,2,1,1,2,"IND"
4656,1990,"Undergraduate","Single","$51,250.00 ",1,0,342,32,230,34,32,40,5,10,5,4,"SA"
626,1951,"Graduation","Married","$32,871.00 ",1,1,22,2,12,0,2,5,1,1,0,3,"US"
3870,1978,"Undergraduate","Married","$63,855.00 ",0,0,359,35,314,93,116,89,1,7,3,13,"GER"
6299,1968,"PhD","Widow","$42,564.00 ",0,1,324,48,186,39,18,198,6,6,8,4,"CA"
7798,1972,"Undergraduate","Married","$46,344.00 ",0,1,233,20,57,8,20,91,4,7,1,5,"CA"
9973,1963,"Graduation","Married","$50,437.00 ",0,2,370,9,92,6,9,4,3,7,1,8,"SP"
4299,1960,"Graduation","Married","$70,971.00 ",0,1,1001,17,572,93,125,17,7,11,11,5,"SP"
10971,1977,"Graduation","Single","$37,774.00 ",2,0,173,8,107,7,2,176,4,7,2,3,"SP"
9931,1963,"PhD","Married","$4,023.00 ",1,1,5,0,1,1,1,1,15,0,0,0,"SP"
6679,1966,"Graduation","Single","$33,279.00 ",0,0,10,3,3,0,0,0,1,0,0,3,"SP"
5961,1978,"Graduation","Married","$42,693.00 ",1,0,8,4,20,6,3,16,1,1,0,3,"SP"
6255,1952,"Master","Married","$70,545.00 ",0,1,138,39,63,55,18,21,1,4,1,7,"AUS"
8614,1957,"Graduation","Widow","$65,486.00 ",0,1,245,19,125,37,67,14,1,4,2,10,"AUS"
7828,1981,"Master","Married","$77,882.00 ",0,0,68,129,396,188,22,15,1,3,3,5,"SA"
1277,1960,"Graduation","Married","$78,468.00 ",0,0,434,22,388,104,22,34,1,10,7,10,"US"
3595,1963,"Graduation","Married","$77,226.00 ",0,1,631,43,239,128,76,21,2,6,8,12,"SP"
5735,1991,"Master","Single","$90,638.00 ",0,0,1156,120,915,94,144,96,1,3,4,10,"SP"
5350,1991,"Master","Single","$90,638.00 ",0,0,1156,120,915,94,144,96,1,3,4,10,"SA"
4137,1948,"Graduation","Married","$70,666.00 ",0,0,398,40,367,119,122,30,1,7,4,4,"AUS"
6357,1959,"Undergraduate","Widow","$59,052.00 ",0,1,230,35,75,63,57,31,3,7,1,7,"SA"
9316,1952,"Undergraduate","Married","$13,084.00 ",0,0,2,0,7,3,7,10,1,1,0,3,"US"
3578,1949,"Graduation","Widow","$49,160.00 ",0,1,122,21,43,25,10,15,2,3,1,6,"SP"
153,1953,"Graduation","Widow","$23,272.00 ",0,0,19,3,6,4,2,12,1,1,0,3,"SP"
10524,1963,"Master","Widow","$49,476.00 ",0,1,386,23,95,54,41,196,4,2,11,5,"CA"
1518,1965,"Master","Married","$62,694.00 ",1,1,379,6,157,25,91,91,5,9,3,7,"SP"
2036,1973,"PhD","Married","$57,906.00 ",0,1,243,11,119,10,3,15,3,4,2,8,"IND"
9495,1982,"Graduation","Married","$71,853.00 ",0,0,358,108,413,141,97,32,1,2,8,6,"SP"
2631,1982,"Graduation","Married","$71,853.00 ",0,0,358,108,413,141,97,32,1,2,8,6,"SP"
6312,1959,"Graduation","Married","$65,031.00 ",0,1,258,107,291,84,37,86,4,10,3,13,"GER"
615,1960,"Graduation","Married","$30,507.00 ",0,0,65,36,74,38,20,110,1,5,1,4,"SP"
4406,1970,"Graduation","Married","$67,419.00 ",0,1,846,84,352,91,56,42,4,9,4,8,"CA"
10061,1950,"Graduation","Married","$59,462.00 ",0,1,724,17,143,0,8,196,2,9,2,12,"US"
10619,1994,"Graduation","Single","$95,529.00 ",0,0,770,29,890,250,27,24,1,7,3,7,"SA"
4945,1953,"Graduation","Widow","$53,653.00 ",0,0,815,10,239,28,10,108,2,10,4,12,"SP"
1777,1980,"Undergraduate","Married","$25,965.00 ",0,0,2,2,11,41,7,11,1,2,0,3,"SP"
4023,1970,"Graduation","Married","$22,979.00 ",1,0,16,17,19,20,21,22,3,3,2,2,"SP"
7922,1951,"PhD","Single","$64,950.00 ",0,1,819,0,72,12,0,63,2,11,2,10,"SA"
10699,1985,"Graduation","Married","$44,322.00 ",1,0,46,0,40,3,0,3,2,3,0,3,"SA"
7516,1983,"Graduation","Married","$30,096.00 ",1,0,5,3,11,12,5,9,1,2,0,3,"GER"
3129,1983,"Graduation","Married","$30,096.00 ",1,0,5,3,11,12,5,9,1,2,0,3,"SP"
5121,1977,"Graduation","Single","$56,628.00 ",0,1,479,5,82,7,17,171,2,7,6,5,"CA"
2186,1977,"Undergraduate","Married","$82,326.00 ",0,0,938,142,754,159,81,183,1,5,10,6,"SP"
10548,1995,"Graduation","Single","$71,163.00 ",0,0,283,17,372,138,106,44,1,3,8,12,"GER"
6384,1978,"Graduation","Widow","$71,022.00 ",0,1,909,12,278,0,12,242,3,5,2,11,"US"
2625,1954,"Undergraduate","Single","$42,607.00 ",0,1,156,29,56,30,32,47,2,3,2,7,"SA"
1676,1975,"Graduation","Married","$43,057.00 ",0,1,213,2,44,0,2,5,4,4,2,5,"SP"
5534,1975,"Master","Married","$47,808.00 ",0,1,123,1,26,2,0,72,2,3,2,3,"SP"
6859,1987,"Graduation","Single","$29,236.00 ",1,0,37,4,24,16,9,9,2,4,0,3,"SP"
271,1969,"Graduation","Widow","$40,590.00 ",1,1,154,0,50,6,11,37,5,3,4,3,"CA"
7699,1969,"Graduation","Widow","$40,590.00 ",1,1,154,0,50,6,11,37,5,3,4,3,"CA"
7832,1959,"Master","Married","$77,520.00 ",0,1,940,44,396,0,88,58,1,8,7,7,"SP"
938,1981,"Graduation","Married","$40,211.00 ",1,1,51,1,7,2,1,25,2,2,1,2,"SP"
7873,1973,"PhD","Married","$63,516.00 ",1,1,141,11,114,15,14,5,4,4,1,7,"CA"
9967,1974,"Graduation","Widow","$53,034.00 ",1,1,160,15,196,15,11,50,8,6,1,7,"US"
1087,1975,"Master","Married","$22,669.00 ",1,0,16,14,36,37,22,48,3,4,1,2,"SP"
8314,1982,"Graduation","Married","$79,908.00 ",0,0,557,129,761,29,185,111,1,5,6,7,"SP"
3762,1986,"PhD","Single","$69,867.00 ",0,0,196,0,512,33,130,54,1,3,5,8,"SA"
10383,1966,"Graduation","Widow","$70,287.00 ",0,0,295,35,482,121,120,40,1,5,5,10,"AUS"
6798,1966,"Graduation","Single","$37,070.00 ",1,1,231,7,137,4,15,39,9,5,1,8,"SA"
4168,1966,"Graduation","Single","$37,070.00 ",1,1,231,7,137,4,15,39,9,5,1,8,"SP"
6690,1966,"Master","Married","$38,179.00 ",1,1,38,4,22,4,2,20,4,3,1,3,"SA"
10602,1983,"Graduation","Married","$39,922.00 ",1,0,29,12,59,19,1,36,2,3,0,4,"IND"
3220,1983,"Graduation","Married","$39,922.00 ",1,0,29,12,59,19,1,36,2,3,0,4,"GER"
5424,1983,"Graduation","Married","$39,922.00 ",1,0,29,12,59,19,1,36,2,3,0,4,"SA"
7488,1963,"Master","Single","$64,191.00 ",0,1,420,15,186,151,38,15,3,5,3,13,"SP"
5289,1975,"Undergraduate","Single","$41,658.00 ",1,1,8,4,12,15,4,29,2,1,1,2,"AUS"
347,1976,"Graduation","Widow","$40,780.00 ",0,1,229,27,71,13,3,34,4,7,1,5,"CA"
5236,1979,"Graduation","Married","$77,568.00 ",0,1,1230,0,396,232,178,158,1,10,2,8,"SP"
9478,1985,"Graduation","Single","$66,503.00 ",1,0,91,64,128,65,3,50,2,4,3,6,"SP"
477,1986,"Graduation","Married","$83,512.00 ",0,0,1060,61,835,80,20,101,1,4,7,10,"SP"
7411,1964,"PhD","Married","$31,686.00 ",1,1,11,0,5,0,0,1,2,1,0,3,"SA"
3107,1976,"Graduation","Married","$71,322.00 ",0,1,121,24,124,24,15,42,1,4,1,7,"AUS"
7437,1988,"Graduation","Single","$27,938.00 ",1,0,13,0,8,2,1,5,1,1,0,4,"AUS"
255,1951,"Graduation","Widow","$22,263.00 ",1,1,17,0,2,0,0,2,2,1,0,3,"SP"
3790,1956,"Graduation","Married","$34,633.00 ",2,1,8,1,5,0,0,1,1,1,0,2,"SA"
749,1981,"Graduation","Married","$42,162.00 ",1,0,46,7,59,2,4,27,2,3,1,3,"SP"
1503,1976,"PhD","Married","$162,397.00 ",1,1,85,1,16,2,1,2,0,0,0,1,"SP"
8650,1978,"Graduation","Widow","$54,162.00 ",1,1,5,6,10,6,5,10,1,1,0,3,"SP"
607,1955,"Undergraduate","Widow","$41,769.00 ",0,1,302,29,131,32,0,27,6,8,1,7,"IND"
1008,1981,"PhD","Married","$44,953.00 ",0,0,728,17,133,11,8,124,1,7,3,13,"GER"
9396,1978,"PhD","Married","$37,717.00 ",1,0,9,0,6,4,1,5,1,1,0,2,"SA"
933,1978,"PhD","Married","$37,717.00 ",1,0,9,0,6,4,1,5,1,1,0,2,"SP"
5710,1970,"Graduation","Married","$40,548.00 ",0,1,110,0,5,2,0,3,2,2,1,4,"AUS"
2882,1975,"Undergraduate","Widow","$67,893.00 ",0,1,711,28,142,49,18,47,2,3,2,9,"SA"
2379,1953,"Graduation","Single","$69,267.00 ",0,0,778,44,499,95,73,146,2,3,4,5,"SA"
5342,1976,"Undergraduate","Widow","$9,548.00 ",1,0,0,1,3,10,6,9,2,1,0,3,"CA"
3262,1958,"Graduation","Single","$68,281.00 ",0,0,995,112,417,42,48,41,1,2,9,13,"SP"
5832,1960,"Undergraduate","Married","$92,556.00 ",0,0,493,183,352,184,23,28,0,3,5,13,"SP"
5025,1979,"Graduation","Single","$48,526.00 ",1,0,23,17,23,43,20,9,1,2,1,4,"SP"
569,1991,"Graduation","Single","$90,273.00 ",0,0,704,129,853,120,74,111,1,5,6,7,"SP"
3102,1981,"Undergraduate","Married","$19,414.00 ",1,0,2,3,12,3,5,7,1,1,0,3,"CA"
9449,1958,"PhD","Single","$79,761.00 ",0,1,415,5,124,15,35,11,1,5,2,11,"SA"
8104,1951,"PhD","Married","$53,312.00 ",0,0,241,0,12,0,0,25,1,5,1,5,"SP"
75,1982,"Undergraduate","Married","$41,039.00 ",0,0,34,11,137,179,61,45,1,8,1,5,"US"
6421,1961,"Graduation","Married","$88,347.00 ",0,0,1050,178,555,77,138,118,1,4,7,9,"SP"
3037,1983,"PhD","Married","$50,150.00 ",0,0,135,46,92,65,61,11,2,5,2,7,"CA"
4698,1983,"PhD","Married","$50,150.00 ",0,0,135,46,92,65,61,11,2,5,2,7,"SP"
948,1971,"Graduation","Single","$10,245.00 ",1,0,4,7,7,6,4,13,3,1,2,2,"SP"
6177,1985,"PhD","Married","$33,454.00 ",1,0,76,10,56,3,1,23,2,4,0,4,"US"
3517,1952,"Graduation","Single","$40,887.00 ",1,1,50,4,44,10,10,43,3,3,1,3,"SP"
3491,1975,"Graduation","Married","$55,914.00 ",0,1,384,60,364,119,101,232,4,11,6,8,"US"
7610,1983,"Graduation","Married","$37,292.00 ",1,0,275,0,86,10,23,66,5,6,3,5,"SP"
4377,1971,"Graduation","Married","$52,914.00 ",0,1,254,10,44,30,10,227,2,7,3,3,"CA"
9850,1972,"Undergraduate","Married","$24,884.00 ",1,0,3,6,7,0,0,3,1,0,0,3,"SP"
5544,1970,"Graduation","Single","$67,384.00 ",0,1,957,40,175,158,53,107,2,7,8,5,"SP"
6497,1960,"Graduation","Married","$51,651.00 ",0,1,293,6,23,13,6,92,4,6,2,5,"AUS"
4543,1980,"Graduation","Married","$82,497.00 ",0,0,777,129,573,216,21,203,1,2,7,9,"SA"
5117,1963,"Undergraduate","Married","$32,632.00 ",0,0,63,151,137,153,19,53,2,4,4,8,"SP"
1448,1963,"Master","Married","$33,562.00 ",1,2,21,12,12,0,3,3,3,2,0,4,"IND"
6887,1967,"Graduation","Single","$79,146.00 ",1,1,245,16,223,21,43,16,2,8,1,8,"GER"
7500,1967,"Graduation","Single","$79,146.00 ",1,1,245,16,223,21,43,16,2,8,1,8,"SP"
2724,1981,"Master","Single","$36,143.00 ",1,0,12,0,1,0,0,6,1,0,1,2,"SP"
2256,1973,"Master","Married","$27,159.00 ",1,1,17,0,3,0,0,1,2,1,0,3,"SP"
1100,1960,"Master","Married","$41,275.00 ",1,2,24,4,22,0,2,9,4,3,1,3,"CA"
7725,1965,"Undergraduate","Married","$76,800.00 ",0,0,173,26,255,35,71,81,1,4,4,7,"IND"
2612,1987,"Graduation","Married","$75,794.00 ",0,0,754,160,625,63,32,48,1,7,5,12,"SA"
113,1951,"Graduation","Married","$30,833.00 ",1,1,11,0,7,3,1,6,2,1,0,3,"SP"
2868,1949,"PhD","Single","$26,518.00 ",1,1,20,1,28,3,3,2,3,2,0,3,"US"
4216,1981,"Graduation","Single","$91,065.00 ",0,0,822,114,108,179,137,114,1,7,9,9,"SP"
199,1962,"Master","Single","$45,183.00 ",0,0,219,3,60,12,9,12,1,4,1,7,"CA"
359,1950,"Graduation","Married","$48,070.00 ",0,1,373,14,83,6,9,19,3,8,2,6,"SP"
8842,1971,"Graduation","Widow","$30,372.00 ",1,1,15,0,12,7,3,7,3,2,0,3,"SP"
2154,1971,"Graduation","Widow","$30,372.00 ",1,1,15,0,12,7,3,7,3,2,0,3,"SP"
6050,1975,"Undergraduate","Married","$57,036.00 ",0,1,1171,43,219,19,14,47,4,6,3,13,"IND"
9204,1970,"Graduation","Widow","$66,731.00 ",0,1,371,159,194,58,106,141,4,4,3,6,"SP"
4472,1970,"PhD","Widow","$35,682.00 ",1,0,23,0,8,6,2,18,1,1,1,3,"AUS"
6864,1989,"Master","Widow","$10,979.00 ",0,0,8,4,10,2,2,4,2,3,0,3,"AUS"
10617,1989,"Master","Widow","$10,979.00 ",0,0,8,4,10,2,2,4,2,3,0,3,"SP"
3924,1965,"PhD","Widow","$57,912.00 ",0,1,801,0,80,0,0,35,5,8,3,12,"SA"
5654,1972,"Graduation","Married","$36,026.00 ",2,1,20,4,10,6,4,17,2,2,0,3,"AUS"
9216,1971,"Graduation","Married","$35,788.00 ",1,1,23,2,11,3,1,4,2,2,0,3,"CA"
8086,1959,"Graduation","Married","$42,243.00 ",1,1,48,0,2,0,0,5,2,2,0,3,"SA"
9097,1956,"Graduation","Widow","$46,086.00 ",0,1,244,8,32,7,2,50,4,3,1,8,"SP"
7631,1978,"Master","Married","$61,346.00 ",1,0,562,58,168,43,16,142,1,5,7,10,"IND"
7275,1971,"Master","Single","$33,316.00 ",1,1,79,1,31,4,4,12,3,2,1,4,"US"
8334,1971,"Master","Single","$33,316.00 ",1,1,79,1,31,4,4,12,3,2,1,4,"SP"
1987,1987,"Undergraduate","Single","$21,063.00 ",1,0,1,10,11,19,3,15,2,2,0,3,"SP"
2281,1970,"Graduation","Single","$33,697.00 ",1,0,4,3,7,0,3,11,1,1,0,2,"GER"
7034,1978,"Undergraduate","Married","$25,804.00 ",1,0,8,7,9,13,6,12,2,2,0,3,"CA"
2797,1977,"Graduation","Married","$72,117.00 ",0,1,707,20,171,65,60,50,1,9,7,9,"SP"
3934,1966,"Graduation","Married","$61,286.00 ",0,1,356,0,107,19,9,117,2,7,1,8,"IND"
2493,1966,"Graduation","Married","$61,286.00 ",0,1,356,0,107,19,9,117,2,7,1,8,"GER"
3759,1958,"Graduation","Married","$65,196.00 ",0,2,743,19,181,12,0,200,2,7,6,11,"SP"
965,1971,"Graduation","Widow","$55,635.00 ",0,1,235,65,164,50,49,27,4,7,3,7,"US"
7378,1981,"Master","Married","$42,021.00 ",1,0,393,5,136,7,5,27,5,10,1,6,"SP"
1859,1972,"Master","Married","$75,251.00 ",0,0,721,111,925,97,18,18,1,7,6,5,"GER"
6263,1968,"Graduation","Married","$35,322.00 ",1,2,28,9,37,12,7,13,3,2,0,4,"SP"
2072,1969,"PhD","Married","$53,374.00 ",0,1,896,10,101,13,10,34,6,4,2,9,"CA"
8908,1959,"Graduation","Married","$87,195.00 ",0,0,217,76,690,50,26,38,1,3,11,5,"CA"
738,1981,"Undergraduate","Single","$42,395.00 ",1,1,48,13,57,24,15,25,4,3,1,4,"IND"
10129,1966,"Graduation","Married","$82,427.00 ",0,0,482,147,509,104,107,107,1,3,5,12,"SP"
807,1969,"Master","Married","$44,602.00 ",1,1,167,2,89,0,0,34,6,6,1,4,"IND"
3334,1951,"Graduation","Married","$94,642.00 ",0,0,879,143,797,106,143,143,0,5,7,9,"SP"
5423,1983,"Graduation","Married","$28,359.00 ",1,0,6,0,5,2,1,2,1,1,0,2,"SA"
4426,1975,"Graduation","Single","$55,801.00 ",1,1,367,4,51,6,4,95,6,7,2,6,"US"
10489,1973,"Graduation","Married","$92,955.00 ",0,0,693,21,925,31,24,84,1,6,7,9,"SA"
2570,1968,"Graduation","Married","$56,534.00 ",0,1,691,7,61,10,0,46,4,10,4,7,"SP"
3834,1962,"Graduation","Single","$69,627.00 ",0,1,231,161,215,171,30,53,2,8,2,11,"US"
590,1970,"Master","Widow","$78,579.00 ",0,0,816,66,549,216,66,99,1,5,6,4,"SP"
4791,1980,"Graduation","Married","$44,964.00 ",1,1,19,1,17,2,0,2,1,1,0,3,"AUS"
5304,1974,"PhD","Single","$30,899.00 ",1,0,24,0,8,0,0,1,2,1,0,3,"SA"
2426,1964,"PhD","Widow","$78,825.00 ",0,0,483,74,114,169,37,18,1,5,10,13,"SP"
35,1987,"Graduation","Married","$25,545.00 ",1,0,32,1,64,16,12,85,3,2,2,3,"SP"
8041,1971,"PhD","Widow","$47,111.00 ",0,1,595,71,153,120,112,41,6,3,2,10,"SA"
3584,1955,"PhD","Single","$49,667.00 ",0,0,1181,26,120,17,13,39,2,5,10,5,"CA"
7718,1947,"Master","Married","$66,000.00 ",0,0,244,51,270,101,0,45,1,1,3,5,"SP"
8605,1964,"PhD","Married","$46,910.00 ",1,1,48,0,14,0,0,6,2,2,0,3,"SP"
1646,1972,"Undergraduate","Married","$25,224.00 ",1,0,4,9,12,11,2,8,2,1,1,3,"CA"
9206,1968,"Graduation","Married","$77,382.00 ",0,1,491,48,231,112,105,134,2,5,7,12,"SP"
10757,1967,"PhD","Widow","$28,420.00 ",1,0,4,2,5,2,0,0,1,1,0,2,"SP"
6885,1977,"Graduation","Widow","$32,952.00 ",1,0,38,0,12,3,1,1,1,2,0,3,"CA"
907,1975,"Graduation","Married","$46,149.00 ",0,1,254,6,71,4,0,27,5,5,1,7,"SP"
1150,1899,"PhD","Married","$83,532.00 ",0,0,755,144,562,104,64,224,1,4,6,4,"SP"
3867,1947,"PhD","Married","$73,059.00 ",0,1,410,112,420,0,82,71,1,9,3,13,"SP"
3859,1947,"PhD","Married","$73,059.00 ",0,1,410,112,420,0,82,71,1,9,3,13,"SA"
3265,1959,"Graduation","Married","$35,701.00 ",0,0,21,1,9,7,3,5,1,1,0,3,"SP"
4418,1983,"Master","Single","$89,616.00 ",0,0,671,47,655,145,111,15,1,7,5,12,"CA"
4611,1970,"Graduation","Married","$105,471.00 ",0,0,1009,181,104,202,21,207,0,9,8,13,"SP"
4530,1948,"Master","Widow","$78,427.00 ",0,0,972,19,595,180,26,138,3,3,7,10,"GER"
7736,1986,"Graduation","Married","$22,518.00 ",1,0,11,7,12,2,2,27,2,2,1,2,"SP"
9949,1976,"Graduation","Married","$59,809.00 ",0,2,598,16,141,32,41,49,3,3,3,6,"CA"
942,1982,"Graduation","Single","$39,660.00 ",1,0,139,13,78,20,13,36,3,7,1,3,"SP"
6181,1950,"Undergraduate","Married","$52,203.00 ",0,0,488,21,238,56,108,28,1,8,7,11,"US"
7660,1973,"PhD","Single","$35,860.00 ",1,1,15,0,8,4,2,20,2,1,1,2,"CA"
2055,1973,"PhD","Widow","$35,860.00 ",1,1,15,0,8,4,2,20,2,1,1,2,"SP"
5107,1973,"PhD","Widow","$35,860.00 ",1,1,15,0,8,4,2,20,2,1,1,2,"SP"
1626,1973,"PhD","Widow","$35,860.00 ",1,1,15,0,8,4,2,20,2,1,1,2,"SA"
6428,1950,"PhD","Widow","$76,842.00 ",0,0,605,10,345,84,54,32,1,1,8,7,"SP"
9617,1951,"Graduation","Single","$15,033.00 ",0,0,0,4,5,6,0,4,1,1,0,3,"SA"
4339,1970,"PhD","Married","$67,353.00 ",0,1,702,17,151,0,8,35,5,5,6,12,"AUS"
7235,1975,"Undergraduate","Married","$17,003.00 ",1,0,2,5,12,4,8,7,3,2,0,4,"GER"
8527,1965,"Master","Married","$65,735.00 ",1,1,239,7,119,4,15,11,5,6,2,6,"SP"
1968,1971,"Graduation","Widow","$45,684.00 ",1,0,5,1,5,10,0,7,1,1,0,2,"SA"
9862,1969,"Graduation","Married","$21,918.00 ",1,0,1,6,7,11,5,3,2,2,0,3,"CA"
11075,1978,"Graduation","Married","$51,267.00 ",1,1,183,2,64,7,2,12,4,3,3,5,"CA"
6658,1972,"Graduation","Married","$59,868.00 ",0,1,771,51,154,54,10,154,7,11,2,12,"SP"
4552,1991,"Graduation","Married","$51,373.00 ",0,0,83,2,101,64,26,117,1,3,5,3,"SP"
10377,1958,"Master","Married","$46,692.00 ",0,1,170,6,97,24,12,88,3,6,1,5,"SP"
5336,1971,"Master","Married","$157,733.00 ",1,0,39,1,9,2,0,8,0,1,0,1,"SP"
10350,1950,"PhD","Married","$54,432.00 ",2,1,33,0,5,0,0,0,1,1,0,3,"SP"
11071,1984,"Graduation","Single","$79,607.00 ",0,0,450,133,951,173,0,216,1,3,6,6,"CA"
11100,1972,"Graduation","Widow","$51,813.00 ",1,1,51,2,7,0,1,2,2,2,0,3,"CA"
6516,1989,"Undergraduate","Married","$17,487.00 ",1,0,0,0,1,7,4,6,1,1,0,2,"AUS"
1734,1968,"PhD","Married","$40,706.00 ",2,1,59,0,11,4,2,5,4,3,0,4,"SA"
2131,1959,"PhD","Widow","$62,859.00 ",0,1,1063,89,102,16,12,25,4,9,4,6,"SP"
6439,1958,"Graduation","Married","$61,074.00 ",0,1,789,0,133,0,28,152,7,11,5,8,"SA"
10591,1969,"Graduation","Widow","$43,638.00 ",0,1,63,10,83,7,19,19,2,4,1,4,"SP"
9797,1956,"Graduation","Married","$58,116.00 ",0,1,228,19,130,4,11,51,2,3,3,8,"SP"
9336,1969,"PhD","Widow","$62,187.00 ",0,1,512,0,83,0,0,41,3,6,2,10,"SP"
2174,1954,"Graduation","Single","$46,344.00 ",1,1,11,1,6,2,1,6,2,1,1,2,"US"
3197,1980,"Graduation","Married","$77,353.00 ",0,1,275,59,107,69,101,59,2,6,4,8,"SP"
9185,1966,"PhD","Single","$69,759.00 ",0,0,452,20,514,13,30,0,3,4,6,5,"SP"
905,1986,"Graduation","Widow","$21,846.00 ",1,0,7,17,18,6,10,26,4,4,0,3,"SA"
10858,1975,"Graduation","Married","$76,532.00 ",1,1,355,30,177,90,138,30,4,9,5,7,"SP"
8925,1965,"Master","Married","$70,053.00 ",0,1,512,53,98,81,179,89,3,8,5,10,"SP"
2499,1958,"Undergraduate","Single","$75,342.00 ",0,1,204,97,97,21,118,26,1,5,2,10,"SP"
1109,1982,"Master","Married","$27,590.00 ",1,0,6,0,5,0,0,1,1,1,0,2,"SP"
326,1973,"Graduation","Married","$51,148.00 ",1,1,235,6,45,8,9,12,4,5,1,6,"IND"
10967,1963,"Graduation","Widow","$33,378.00 ",1,1,33,6,40,3,7,10,3,2,0,4,"SA"
5370,1973,"PhD","Married","$32,644.00 ",1,0,239,3,141,0,7,23,4,7,1,6,"SP"
2098,1969,"PhD","Married","$33,581.00 ",2,0,11,0,5,0,0,1,1,1,0,2,"SP"
1773,1978,"Undergraduate","Married","$12,393.00 ",0,0,5,6,15,11,7,13,1,2,0,3,"SA"
5036,1984,"PhD","Single","$42,710.00 ",1,0,252,3,42,4,3,102,2,4,5,3,"SP"
4856,1957,"Undergraduate","Married","$82,347.00 ",0,0,556,54,845,202,133,63,1,7,7,10,"IND"
8722,1957,"Undergraduate","Married","$82,347.00 ",0,0,556,54,845,202,133,63,1,7,7,10,"CA"
2156,1955,"PhD","Married","$22,554.00 ",1,1,27,0,10,0,0,4,4,2,0,4,"SP"
2569,1987,"Graduation","Married","$17,323.00 ",0,0,3,14,17,6,1,5,1,1,0,3,"US"
10151,1960,"Graduation","Widow","$62,204.00 ",0,2,317,46,247,151,46,139,1,4,5,12,"SP"
10473,1956,"PhD","Widow","$78,028.00 ",0,1,158,19,288,25,0,38,1,6,4,9,"SP"
7079,1962,"Graduation","Widow","$63,887.00 ",0,1,897,23,207,15,11,92,5,9,6,12,"SA"
6875,1965,"PhD","Married","$32,727.00 ",0,0,167,13,180,86,13,70,2,7,3,5,"CA"
6728,1985,"Graduation","Married","$29,103.00 ",1,0,16,0,17,6,3,6,2,1,0,3,"SP"
2471,1965,"Graduation","Married","$61,482.00 ",0,0,48,58,68,16,66,43,1,3,2,6,"SA"
49,1970,"Graduation","Single","$20,587.00 ",1,0,2,3,6,4,1,9,1,1,1,2,"CA"
4973,1970,"Graduation","Single","$20,587.00 ",1,0,2,3,6,4,1,9,1,1,1,2,"CA"
6387,1976,"PhD","Married","$52,190.00 ",1,1,42,0,17,0,0,18,3,2,1,3,"SA"
5866,1974,"Graduation","Married","$48,186.00 ",1,0,97,3,66,12,7,34,3,4,1,4,"SP"
8523,1968,"Graduation","Married","$19,329.00 ",1,0,24,1,16,12,2,5,3,4,0,3,"CA"
7901,1971,"Master","Married","$34,109.00 ",0,1,9,1,5,2,1,4,1,0,0,3,"AUS"
898,1986,"Graduation","Married","$23,477.00 ",1,0,38,15,54,3,8,29,3,3,0,4,"SP"
10242,1966,"PhD","Married","$47,472.00 ",1,1,56,0,11,0,0,8,2,2,0,4,"SP"
5835,1976,"PhD","Widow","$14,849.00 ",1,0,21,2,28,3,2,9,3,2,0,4,"SP"
6919,1978,"Undergraduate","Married","$26,224.00 ",1,0,4,7,15,13,9,15,3,2,1,3,"SP"
6197,1962,"PhD","Single","$27,238.00 ",1,1,37,0,17,0,0,3,3,3,0,3,"SP"
4201,1962,"Graduation","Single","$57,967.00 ",0,1,229,7,137,4,0,91,5,4,2,8,"IND"
5092,1949,"PhD","Widow","$51,569.00 ",0,1,380,0,47,6,0,34,4,7,1,7,"SP"
6566,1954,"PhD","Married","$72,550.00 ",1,1,826,50,317,50,38,38,9,5,2,12,"AUS"
6613,1970,"Master","Married","$44,511.00 ",1,0,513,7,133,46,14,14,6,8,4,8,"AUS"
9094,1955,"Undergraduate","Married","$62,972.00 ",0,1,313,15,47,20,0,192,2,7,4,3,"SP"
9847,1955,"Undergraduate","Married","$62,972.00 ",0,1,313,15,47,20,0,192,2,7,4,3,"SP"
10767,1989,"PhD","Married","$77,845.00 ",0,0,760,40,480,0,40,26,1,3,5,12,"US"
7943,1975,"PhD","Married","$36,663.00 ",1,0,18,0,6,3,3,5,1,1,1,3,"SA"
1055,1976,"Master","Married","$53,204.00 ",1,1,29,0,8,2,0,6,1,1,0,3,"GER"
1458,1982,"Master","Married","$21,059.00 ",1,0,8,3,19,3,3,8,3,3,0,3,"SP"
8402,1953,"Master","Married","$67,087.00 ",0,1,329,35,222,130,35,43,2,7,5,8,"AUS"
6246,1953,"Graduation","Single","$73,892.00 ",0,0,703,102,601,0,58,43,1,3,11,8,"CA"
4654,1992,"Graduation","Married","$75,114.00 ",0,0,571,12,523,63,60,24,1,3,10,5,"SA"
6103,1948,"Graduation","Married","$42,192.00 ",0,0,40,15,15,17,6,7,1,2,1,3,"AUS"
8147,1960,"Graduation","Married","$31,454.00 ",1,1,28,0,11,0,0,9,3,2,0,3,"SP"
10207,1978,"Graduation","Married","$22,775.00 ",1,0,5,1,8,0,0,1,1,1,0,2,"SA"
4838,1978,"Graduation","Married","$22,775.00 ",1,0,5,1,8,0,0,1,1,1,0,2,"IND"
10219,1972,"Graduation","Married","$31,590.00 ",1,0,6,2,15,6,6,3,1,1,0,3,"CA"
2176,1972,"Graduation","Married","$80,134.00 ",1,0,1218,16,272,104,0,80,2,5,3,6,"SA"
9121,1972,"Graduation","Married","$80,134.00 ",1,0,1218,16,272,104,0,80,2,5,3,6,"AUS"
5802,1972,"Undergraduate","Married","$14,188.00 ",0,0,2,7,11,16,12,27,1,2,0,4,"GER"
10790,1985,"PhD","Married","$18,169.00 ",1,0,9,0,5,0,0,7,1,1,0,2,"SP"
178,1956,"Graduation","Married","$62,503.00 ",0,1,478,0,193,110,75,117,4,8,3,11,"SP"
2308,1954,"Graduation","Married","$46,734.00 ",0,1,110,5,137,26,23,29,2,6,1,5,"SP"
7431,1991,"PhD","Single","$68,126.00 ",0,0,1332,17,311,23,51,86,1,7,4,5,"CA"
9405,1954,"PhD","Married","$52,869.00 ",1,1,84,3,61,2,1,21,3,3,1,4,"SA"
10525,1986,"Graduation","Single","$26,576.00 ",1,0,10,0,8,0,0,9,1,1,0,2,"SP"
7503,1976,"Graduation","Single","$75,825.00 ",0,0,1032,105,779,137,105,51,0,5,8,9,"GER"
8783,1950,"Graduation","Married","$57,045.00 ",0,1,296,13,104,11,13,17,3,4,2,9,"AUS"
1403,1975,"Undergraduate","Married","$34,984.00 ",1,1,8,4,15,3,5,3,2,1,0,3,"SP"
4643,1973,"Graduation","Married","$27,803.00 ",1,0,8,26,46,38,9,49,2,3,0,4,"AUS"
3463,1975,"PhD","Married","$69,283.00 ",0,1,674,62,134,0,26,8,4,7,3,13,"IND"
4055,1992,"Undergraduate","Single","$18,746.00 ",1,0,2,10,11,12,9,20,2,3,0,3,"SP"
7010,1965,"Undergraduate","Married","$70,924.00 ",0,0,635,114,254,132,152,76,1,6,6,7,"SP"
4767,1965,"Undergraduate","Married","$70,924.00 ",0,0,635,114,254,132,152,76,1,6,6,7,"SP"
1927,1973,"Undergraduate","Married","$69,401.00 ",0,1,399,27,159,58,8,39,4,4,4,5,"GER"
437,1976,"Master","Widow","$75,012.00 ",0,0,294,142,218,164,58,151,1,3,8,11,"AUS"
4331,1978,"Master","Married","$85,738.00 ",0,0,913,26,376,17,26,13,1,3,6,11,"SP"
4084,1975,"Graduation","Married","$60,934.00 ",0,1,224,155,155,192,93,54,2,6,4,11,"CA"
8135,1986,"Master","Married","$27,161.00 ",1,0,7,4,23,7,0,11,1,1,0,3,"SA"
9750,1961,"PhD","Widow","$64,325.00 ",0,1,731,60,353,78,12,73,5,10,3,5,"SP"
6682,1973,"Undergraduate","Married","$18,978.00 ",1,0,2,8,1,4,7,15,1,1,0,3,"SP"
10581,1977,"Graduation","Married","$41,124.00 ",1,0,281,7,84,15,0,119,7,7,3,4,"SP"
3710,1984,"PhD","Single","$39,684.00 ",1,0,19,0,35,6,4,17,2,2,1,2,"SP"
5207,1963,"PhD","Married","$53,378.00 ",1,1,489,6,152,8,6,132,10,9,4,6,"SP"
9360,1982,"Graduation","Married","$37,040.00 ",0,0,86,2,73,69,38,48,1,4,2,5,"US"
4679,1977,"Master","Married","$78,710.00 ",0,1,721,0,152,119,50,50,3,7,6,12,"SP"
1340,1986,"Graduation","Married","$92,910.00 ",0,0,551,137,792,179,103,33,1,6,7,13,"SP"
10839,1976,"Graduation","Married","$36,283.00 ",1,1,6,5,5,8,0,5,2,1,0,3,"CA"
5303,1974,"PhD","Married","$79,632.00 ",0,0,471,0,510,99,21,12,1,6,4,9,"SA"
9829,1978,"Graduation","Married","$28,587.00 ",1,0,22,4,17,12,10,13,3,2,0,4,"SP"
10469,1981,"Graduation","Married","$88,325.00 ",0,0,519,71,860,93,27,53,1,6,2,9,"IND"
3602,1958,"Master","Married","$51,412.00 ",0,1,140,3,29,4,5,14,2,3,2,4,"SP"
4756,1952,"Undergraduate","Widow","$63,998.00 ",0,0,176,29,818,0,33,112,1,7,6,11,"SP"
8181,1978,"Undergraduate","Single","$38,593.00 ",1,0,51,12,49,17,24,24,3,4,1,3,"SP"
6958,1977,"Master","Married","$27,889.00 ",1,0,14,0,4,0,0,8,1,1,1,2,"AUS"
10856,1980,"Undergraduate","Single","$45,889.00 ",0,1,31,0,6,0,1,8,1,1,0,3,"CA"
3321,1967,"PhD","Married","$56,575.00 ",0,2,421,5,90,0,16,10,3,7,3,7,"CA"
5394,1979,"Undergraduate","Single","$16,014.00 ",1,1,3,9,4,7,8,7,4,1,1,4,"SP"
433,1958,"Master","Single","$61,331.00 ",1,1,534,5,47,0,5,41,5,11,1,6,"CA"
6320,1976,"Master","Single","$70,893.00 ",0,0,768,44,561,77,44,14,1,6,6,10,"SP"
5376,1979,"Graduation","Married","$2,447.00 ",1,0,1,1,1725,1,1,1,15,0,28,0,"US"
1867,1957,"Graduation","Single","$64,849.00 ",0,0,652,48,350,94,84,108,1,9,3,6,"SP"
4324,1989,"Graduation","Married","$42,387.00 ",1,0,235,0,235,19,4,191,5,8,1,7,"SP"
3661,1995,"Undergraduate","Single","$80,617.00 ",0,0,594,51,631,72,55,32,1,4,6,8,"IND"
521,1985,"Graduation","Married","$54,006.00 ",1,0,174,77,203,6,24,97,2,8,1,7,"SP"
10403,1978,"Graduation","Married","$16,531.00 ",1,0,2,13,6,7,5,11,3,3,0,3,"CA"
7186,1966,"PhD","Married","$30,843.00 ",1,1,24,0,2,0,0,9,2,1,1,2,"IND"
4329,1984,"PhD","Married","$18,988.00 ",1,0,6,0,6,2,1,1,2,1,0,3,"AUS"
4394,1965,"PhD","Married","$81,051.00 ",0,0,1142,29,249,38,29,14,1,5,5,12,"SP"
1717,1988,"Graduation","Single","$39,747.00 ",1,0,80,15,93,20,13,52,3,5,1,4,"SA"
1016,1959,"PhD","Single","$34,554.00 ",0,1,41,1,6,2,0,5,2,2,0,3,"CA"
3783,1959,"PhD","Married","$52,854.00 ",1,1,105,0,10,0,1,0,2,2,1,4,"SA"
5848,1970,"Graduation","Married","$81,205.00 ",0,0,724,74,929,97,55,130,1,5,6,7,"IND"
10727,1970,"PhD","Married","$69,084.00 ",1,0,1181,107,199,39,30,30,2,7,3,13,"SP"
5299,1970,"PhD","Married","$69,084.00 ",1,0,1181,107,199,39,30,30,2,7,3,13,"SP"
6872,1974,"PhD","Married","$65,352.00 ",0,1,284,3,84,4,7,23,2,4,2,8,"SA"
1143,1972,"Graduation","Married","$22,063.00 ",1,0,7,10,13,3,11,11,2,2,0,3,"CA"
10381,1979,"Graduation","Single","$47,691.00 ",0,1,14,0,3,0,0,4,1,1,0,2,"SP"
11007,1968,"PhD","Married","$29,187.00 ",1,0,26,0,6,0,0,2,1,1,0,3,"SP"
9145,1972,"Graduation","Single","$72,504.00 ",0,1,604,26,470,123,161,94,2,5,9,6,"CA"
5267,1970,"Graduation","Widow","$33,986.00 ",1,0,16,2,18,2,1,5,1,1,0,3,"SP"
9738,1986,"Master","Married","$42,386.00 ",1,0,65,4,16,0,4,11,1,3,0,3,"SA"
10212,1986,"Master","Married","$42,386.00 ",1,0,65,4,16,0,4,11,1,3,0,3,"IND"
10010,1953,"PhD","Widow","$36,957.00 ",1,1,100,2,16,2,1,31,4,3,2,2,"AUS"
10069,1988,"Undergraduate","Married","$13,724.00 ",1,0,2,7,5,2,15,27,1,2,0,2,"SA"
2694,1967,"Graduation","Married","$42,664.00 ",0,1,21,0,3,0,0,0,1,1,0,3,"SP"
10613,1958,"PhD","Married","$37,334.00 ",1,1,26,1,16,2,2,15,4,3,0,4,"SP"
4646,1951,"Undergraduate","Married","$78,497.00 ",0,0,207,26,447,75,0,223,1,5,7,12,"CA"
6935,1951,"Undergraduate","Married","$78,497.00 ",0,0,207,26,447,75,0,223,1,5,7,12,"IND"
5596,1956,"Undergraduate","Married","$58,821.00 ",0,1,513,14,154,19,0,28,1,9,2,9,"SA"
1044,1953,"Graduation","Married","$58,398.00 ",0,0,299,5,201,21,21,49,3,5,4,8,"AUS"
9274,1961,"Master","Married","$80,950.00 ",0,0,525,147,112,219,147,63,1,6,7,9,"SA"
9076,1980,"PhD","Married","$30,732.00 ",1,0,155,1,25,0,1,3,4,4,1,4,"SA"
4947,1966,"Undergraduate","Single","$89,572.00 ",0,0,606,24,974,197,194,64,1,7,7,9,"SP"
10176,1968,"Graduation","Single","$57,107.00 ",0,1,159,0,120,0,0,137,7,4,4,8,"SP"
3507,1970,"Graduation","Single","$76,467.00 ",1,0,676,161,426,210,44,58,2,2,5,5,"US"
10341,1948,"Graduation","Married","$51,315.00 ",0,0,68,28,39,16,30,41,1,2,2,5,"AUS"
2639,1966,"Graduation","Single","$43,602.00 ",1,1,19,5,12,10,3,19,3,3,1,2,"SA"
6201,1978,"Graduation","Single","$38,643.00 ",1,1,22,2,14,0,1,10,2,2,0,3,"SP"
7397,1951,"Graduation","Single","$49,090.00 ",0,1,494,5,82,7,0,100,3,7,2,9,"SP"
2181,1970,"Graduation","Married","$70,617.00 ",0,0,353,61,753,40,46,27,1,3,3,7,"SP"
1204,1970,"PhD","Married","$67,536.00 ",0,1,1253,0,447,23,71,35,3,11,5,11,"SA"
1170,1975,"Graduation","Married","$27,573.00 ",1,0,50,15,110,39,15,15,4,5,1,4,"SP"
8812,1979,"Undergraduate","Widow","$13,533.00 ",1,0,12,3,8,8,0,17,2,2,0,3,"SP"
4690,1953,"Graduation","Married","$50,725.00 ",0,1,443,10,75,0,10,48,4,8,1,8,"CA"
1715,1978,"Graduation","Married","$25,851.00 ",1,0,9,4,18,7,5,5,2,2,0,3,"AUS"
